complex_name,protein_path,ligand_description,protein_sequence
Thymopentin,2GQG_one_chain_docking.pdb,ligand_sdf_files/Thymopentin.sdf,
Antazoline,2GQG_one_chain_docking.pdb,ligand_sdf_files/Antazoline.sdf,
Clomocycline,2GQG_one_chain_docking.pdb,ligand_sdf_files/Clomocycline.sdf,
Dextrothyroxine_Sodium,2GQG_one_chain_docking.pdb,ligand_sdf_files/Dextrothyroxine_Sodium.sdf,
Ferrous_Citrate__Fe_59,2GQG_one_chain_docking.pdb,ligand_sdf_files/Ferrous_Citrate__Fe_59.sdf,
Cefuroxime,2GQG_one_chain_docking.pdb,ligand_sdf_files/Cefuroxime.sdf,
Isoniazid,2GQG_one_chain_docking.pdb,ligand_sdf_files/Isoniazid.sdf,
Fluphenazine,2GQG_one_chain_docking.pdb,ligand_sdf_files/Fluphenazine.sdf,
Betamethasone_Benzoate,2GQG_one_chain_docking.pdb,ligand_sdf_files/Betamethasone_Benzoate.sdf,
Lofepramine,2GQG_one_chain_docking.pdb,ligand_sdf_files/Lofepramine.sdf,
Amitriptyline,2GQG_one_chain_docking.pdb,ligand_sdf_files/Amitriptyline.sdf,
Zonisamide,2GQG_one_chain_docking.pdb,ligand_sdf_files/Zonisamide.sdf,
Cevimeline,2GQG_one_chain_docking.pdb,ligand_sdf_files/Cevimeline.sdf,
Azanidazole,2GQG_one_chain_docking.pdb,ligand_sdf_files/Azanidazole.sdf,
Gadobenate_Dimeglumine,2GQG_one_chain_docking.pdb,ligand_sdf_files/Gadobenate_Dimeglumine.sdf,
MK_8228,2GQG_one_chain_docking.pdb,ligand_sdf_files/MK_8228.sdf,
Chenodiol,2GQG_one_chain_docking.pdb,ligand_sdf_files/Chenodiol.sdf,
Modafinil,2GQG_one_chain_docking.pdb,ligand_sdf_files/Modafinil.sdf,
Cefprozil,2GQG_one_chain_docking.pdb,ligand_sdf_files/Cefprozil.sdf,
Saroglitazar,2GQG_one_chain_docking.pdb,ligand_sdf_files/Saroglitazar.sdf,
Bepotastine,2GQG_one_chain_docking.pdb,ligand_sdf_files/Bepotastine.sdf,
Clocortolone,2GQG_one_chain_docking.pdb,ligand_sdf_files/Clocortolone.sdf,
Rimexolone,2GQG_one_chain_docking.pdb,ligand_sdf_files/Rimexolone.sdf,
Norgestimate,2GQG_one_chain_docking.pdb,ligand_sdf_files/Norgestimate.sdf,
Tetrahydrobiopterin,2GQG_one_chain_docking.pdb,ligand_sdf_files/Tetrahydrobiopterin.sdf,
Vinpocetine,2GQG_one_chain_docking.pdb,ligand_sdf_files/Vinpocetine.sdf,
Oxantel_pamoate,2GQG_one_chain_docking.pdb,ligand_sdf_files/Oxantel_pamoate.sdf,
Olodaterol,2GQG_one_chain_docking.pdb,ligand_sdf_files/Olodaterol.sdf,
Dapagliflozin,2GQG_one_chain_docking.pdb,ligand_sdf_files/Dapagliflozin.sdf,
Xipamide,2GQG_one_chain_docking.pdb,ligand_sdf_files/Xipamide.sdf,
Arbidol,2GQG_one_chain_docking.pdb,ligand_sdf_files/Arbidol.sdf,
Treprostinil,2GQG_one_chain_docking.pdb,ligand_sdf_files/Treprostinil.sdf,
Cyproheptadine,2GQG_one_chain_docking.pdb,ligand_sdf_files/Cyproheptadine.sdf,
Clindamycin,2GQG_one_chain_docking.pdb,ligand_sdf_files/Clindamycin.sdf,
Epinastine,2GQG_one_chain_docking.pdb,ligand_sdf_files/Epinastine.sdf,
Nafamostat,2GQG_one_chain_docking.pdb,ligand_sdf_files/Nafamostat.sdf,
Stevioside,2GQG_one_chain_docking.pdb,ligand_sdf_files/Stevioside.sdf,
Strontium_ranelate,2GQG_one_chain_docking.pdb,ligand_sdf_files/Strontium_ranelate.sdf,
Aceprometazine,2GQG_one_chain_docking.pdb,ligand_sdf_files/Aceprometazine.sdf,
Eprosartan,2GQG_one_chain_docking.pdb,ligand_sdf_files/Eprosartan.sdf,
Meropenem,2GQG_one_chain_docking.pdb,ligand_sdf_files/Meropenem.sdf,
Gliquidone,2GQG_one_chain_docking.pdb,ligand_sdf_files/Gliquidone.sdf,
Doxazosin,2GQG_one_chain_docking.pdb,ligand_sdf_files/Doxazosin.sdf,
Zinc_Sulfate,2GQG_one_chain_docking.pdb,ligand_sdf_files/Zinc_Sulfate.sdf,
Cefbuperazone_sodium,2GQG_one_chain_docking.pdb,ligand_sdf_files/Cefbuperazone_sodium.sdf,
Nalbuphine,2GQG_one_chain_docking.pdb,ligand_sdf_files/Nalbuphine.sdf,
Ertapenem,2GQG_one_chain_docking.pdb,ligand_sdf_files/Ertapenem.sdf,
Revefenacin,2GQG_one_chain_docking.pdb,ligand_sdf_files/Revefenacin.sdf,
Cetrimide,2GQG_one_chain_docking.pdb,ligand_sdf_files/Cetrimide.sdf,
SILODOSIN,2GQG_one_chain_docking.pdb,ligand_sdf_files/SILODOSIN.sdf,
Entrectinib,2GQG_one_chain_docking.pdb,ligand_sdf_files/Entrectinib.sdf,
Aescin,2GQG_one_chain_docking.pdb,ligand_sdf_files/Aescin.sdf,
Ethionamide,2GQG_one_chain_docking.pdb,ligand_sdf_files/Ethionamide.sdf,
Bismuth,2GQG_one_chain_docking.pdb,ligand_sdf_files/Bismuth.sdf,
Dihydroxyaluminium,2GQG_one_chain_docking.pdb,ligand_sdf_files/Dihydroxyaluminium.sdf,
Fosfluconazole,2GQG_one_chain_docking.pdb,ligand_sdf_files/Fosfluconazole.sdf,
Acetazolamide,2GQG_one_chain_docking.pdb,ligand_sdf_files/Acetazolamide.sdf,
Pemigatinib,2GQG_one_chain_docking.pdb,ligand_sdf_files/Pemigatinib.sdf,
Mepivacaine,2GQG_one_chain_docking.pdb,ligand_sdf_files/Mepivacaine.sdf,
Apalcillin_sodium,2GQG_one_chain_docking.pdb,ligand_sdf_files/Apalcillin_sodium.sdf,
Acitretin,2GQG_one_chain_docking.pdb,ligand_sdf_files/Acitretin.sdf,
Dinoprostone,2GQG_one_chain_docking.pdb,ligand_sdf_files/Dinoprostone.sdf,
Didanosine,2GQG_one_chain_docking.pdb,ligand_sdf_files/Didanosine.sdf,
Ropeginterferon_alfa_2b,2GQG_one_chain_docking.pdb,ligand_sdf_files/Ropeginterferon_alfa_2b.sdf,
Isocarboxazid,2GQG_one_chain_docking.pdb,ligand_sdf_files/Isocarboxazid.sdf,
Aspirin,2GQG_one_chain_docking.pdb,ligand_sdf_files/Aspirin.sdf,
AS_1670542,2GQG_one_chain_docking.pdb,ligand_sdf_files/AS_1670542.sdf,
Niraparib_Tosylate,2GQG_one_chain_docking.pdb,ligand_sdf_files/Niraparib_Tosylate.sdf,
Ampiroxicam,2GQG_one_chain_docking.pdb,ligand_sdf_files/Ampiroxicam.sdf,
Chromic_Chloride,2GQG_one_chain_docking.pdb,ligand_sdf_files/Chromic_Chloride.sdf,
Penicillin_V_Potassium,2GQG_one_chain_docking.pdb,ligand_sdf_files/Penicillin_V_Potassium.sdf,
Clothiapine,2GQG_one_chain_docking.pdb,ligand_sdf_files/Clothiapine.sdf,
Dobutamine,2GQG_one_chain_docking.pdb,ligand_sdf_files/Dobutamine.sdf,
Ramipril,2GQG_one_chain_docking.pdb,ligand_sdf_files/Ramipril.sdf,
Ritonavir,2GQG_one_chain_docking.pdb,ligand_sdf_files/Ritonavir.sdf,
Clemastine,2GQG_one_chain_docking.pdb,ligand_sdf_files/Clemastine.sdf,
Rotenone,2GQG_one_chain_docking.pdb,ligand_sdf_files/Rotenone.sdf,
Quinine,2GQG_one_chain_docking.pdb,ligand_sdf_files/Quinine.sdf,
Carbamide_peroxide,2GQG_one_chain_docking.pdb,ligand_sdf_files/Carbamide_peroxide.sdf,
Doxifluridine,2GQG_one_chain_docking.pdb,ligand_sdf_files/Doxifluridine.sdf,
Safinamide,2GQG_one_chain_docking.pdb,ligand_sdf_files/Safinamide.sdf,
Diatrizoate,2GQG_one_chain_docking.pdb,ligand_sdf_files/Diatrizoate.sdf,
Desoxycorticosterone_Acetate,2GQG_one_chain_docking.pdb,ligand_sdf_files/Desoxycorticosterone_Acetate.sdf,
Dacomitinib,2GQG_one_chain_docking.pdb,ligand_sdf_files/Dacomitinib.sdf,
Lorcainide,2GQG_one_chain_docking.pdb,ligand_sdf_files/Lorcainide.sdf,
Tubocurarine,2GQG_one_chain_docking.pdb,ligand_sdf_files/Tubocurarine.sdf,
Dihydroergocristine,2GQG_one_chain_docking.pdb,ligand_sdf_files/Dihydroergocristine.sdf,
Calcium_Acetate,2GQG_one_chain_docking.pdb,ligand_sdf_files/Calcium_Acetate.sdf,
Betaxolol,2GQG_one_chain_docking.pdb,ligand_sdf_files/Betaxolol.sdf,
Linagliptin,2GQG_one_chain_docking.pdb,ligand_sdf_files/Linagliptin.sdf,
Sarkomycin,2GQG_one_chain_docking.pdb,ligand_sdf_files/Sarkomycin.sdf,
Migalastat,2GQG_one_chain_docking.pdb,ligand_sdf_files/Migalastat.sdf,
Oxymorphone,2GQG_one_chain_docking.pdb,ligand_sdf_files/Oxymorphone.sdf,
Aprepitant,2GQG_one_chain_docking.pdb,ligand_sdf_files/Aprepitant.sdf,
Safinamide_mesylate,2GQG_one_chain_docking.pdb,ligand_sdf_files/Safinamide_mesylate.sdf,
Benzocaine,2GQG_one_chain_docking.pdb,ligand_sdf_files/Benzocaine.sdf,
Ephedrine,2GQG_one_chain_docking.pdb,ligand_sdf_files/Ephedrine.sdf,
Alatrofloxacin_mesylate,2GQG_one_chain_docking.pdb,ligand_sdf_files/Alatrofloxacin_mesylate.sdf,
Panipenem,2GQG_one_chain_docking.pdb,ligand_sdf_files/Panipenem.sdf,
Metolazone,2GQG_one_chain_docking.pdb,ligand_sdf_files/Metolazone.sdf,
Ferric_maltol,2GQG_one_chain_docking.pdb,ligand_sdf_files/Ferric_maltol.sdf,
protirelin,2GQG_one_chain_docking.pdb,ligand_sdf_files/protirelin.sdf,
Guanidine_Hydrochloride,2GQG_one_chain_docking.pdb,ligand_sdf_files/Guanidine_Hydrochloride.sdf,
R0_93877,2GQG_one_chain_docking.pdb,ligand_sdf_files/R0_93877.sdf,
Pentazocine,2GQG_one_chain_docking.pdb,ligand_sdf_files/Pentazocine.sdf,
Tigecycline,2GQG_one_chain_docking.pdb,ligand_sdf_files/Tigecycline.sdf,
Tadalafil,2GQG_one_chain_docking.pdb,ligand_sdf_files/Tadalafil.sdf,
Dirithromycin,2GQG_one_chain_docking.pdb,ligand_sdf_files/Dirithromycin.sdf,
Gentian_violet,2GQG_one_chain_docking.pdb,ligand_sdf_files/Gentian_violet.sdf,
Difelikefalin,2GQG_one_chain_docking.pdb,ligand_sdf_files/Difelikefalin.sdf,
Etrasimod,2GQG_one_chain_docking.pdb,ligand_sdf_files/Etrasimod.sdf,
Trospium_chloride,2GQG_one_chain_docking.pdb,ligand_sdf_files/Trospium_chloride.sdf,
Salicylamide,2GQG_one_chain_docking.pdb,ligand_sdf_files/Salicylamide.sdf,
Colforsin_daropate_hci,2GQG_one_chain_docking.pdb,ligand_sdf_files/Colforsin_daropate_hci.sdf,
Flavoxate,2GQG_one_chain_docking.pdb,ligand_sdf_files/Flavoxate.sdf,
Elagolix_sodium,2GQG_one_chain_docking.pdb,ligand_sdf_files/Elagolix_sodium.sdf,
Oseltamivir,2GQG_one_chain_docking.pdb,ligand_sdf_files/Oseltamivir.sdf,
Propicillin,2GQG_one_chain_docking.pdb,ligand_sdf_files/Propicillin.sdf,
BMS_201038,2GQG_one_chain_docking.pdb,ligand_sdf_files/BMS_201038.sdf,
Mitoxantrone,2GQG_one_chain_docking.pdb,ligand_sdf_files/Mitoxantrone.sdf,
Naratriptan,2GQG_one_chain_docking.pdb,ligand_sdf_files/Naratriptan.sdf,
Pirenzepine,2GQG_one_chain_docking.pdb,ligand_sdf_files/Pirenzepine.sdf,
Eltrombopag,2GQG_one_chain_docking.pdb,ligand_sdf_files/Eltrombopag.sdf,
Hexyl_aminolevulinate,2GQG_one_chain_docking.pdb,ligand_sdf_files/Hexyl_aminolevulinate.sdf,
Telithromycin,2GQG_one_chain_docking.pdb,ligand_sdf_files/Telithromycin.sdf,
Amoxicillin,2GQG_one_chain_docking.pdb,ligand_sdf_files/Amoxicillin.sdf,
Pitolisant,2GQG_one_chain_docking.pdb,ligand_sdf_files/Pitolisant.sdf,
Fostamatinib,2GQG_one_chain_docking.pdb,ligand_sdf_files/Fostamatinib.sdf,
Hydroxyurea,2GQG_one_chain_docking.pdb,ligand_sdf_files/Hydroxyurea.sdf,
Methamphetamine,2GQG_one_chain_docking.pdb,ligand_sdf_files/Methamphetamine.sdf,
Dicyclomine,2GQG_one_chain_docking.pdb,ligand_sdf_files/Dicyclomine.sdf,
Iopromide,2GQG_one_chain_docking.pdb,ligand_sdf_files/Iopromide.sdf,
Danazol,2GQG_one_chain_docking.pdb,ligand_sdf_files/Danazol.sdf,
Emtricitabine,2GQG_one_chain_docking.pdb,ligand_sdf_files/Emtricitabine.sdf,
Ganaxolone,2GQG_one_chain_docking.pdb,ligand_sdf_files/Ganaxolone.sdf,
Bentoquatam,2GQG_one_chain_docking.pdb,ligand_sdf_files/Bentoquatam.sdf,
Glycodiazine,2GQG_one_chain_docking.pdb,ligand_sdf_files/Glycodiazine.sdf,
THIOCOLCHICOSIDE,2GQG_one_chain_docking.pdb,ligand_sdf_files/THIOCOLCHICOSIDE.sdf,
Chlorambucil,2GQG_one_chain_docking.pdb,ligand_sdf_files/Chlorambucil.sdf,
Dextran,2GQG_one_chain_docking.pdb,ligand_sdf_files/Dextran.sdf,
Levocabastine,2GQG_one_chain_docking.pdb,ligand_sdf_files/Levocabastine.sdf,
Hydriodic_acid_iodine_125,2GQG_one_chain_docking.pdb,ligand_sdf_files/Hydriodic_acid_iodine_125.sdf,
Terbinafine,2GQG_one_chain_docking.pdb,ligand_sdf_files/Terbinafine.sdf,
Eptifibatide,2GQG_one_chain_docking.pdb,ligand_sdf_files/Eptifibatide.sdf,
Lincomycin,2GQG_one_chain_docking.pdb,ligand_sdf_files/Lincomycin.sdf,
Melatonin,2GQG_one_chain_docking.pdb,ligand_sdf_files/Melatonin.sdf,
Iron_Dextran,2GQG_one_chain_docking.pdb,ligand_sdf_files/Iron_Dextran.sdf,
Terconazole,2GQG_one_chain_docking.pdb,ligand_sdf_files/Terconazole.sdf,
Hydroxyethyl_starch,2GQG_one_chain_docking.pdb,ligand_sdf_files/Hydroxyethyl_starch.sdf,
Melphalan,2GQG_one_chain_docking.pdb,ligand_sdf_files/Melphalan.sdf,
Quinagolide,2GQG_one_chain_docking.pdb,ligand_sdf_files/Quinagolide.sdf,
Oxybuprocaine,2GQG_one_chain_docking.pdb,ligand_sdf_files/Oxybuprocaine.sdf,
Atazanavir,2GQG_one_chain_docking.pdb,ligand_sdf_files/Atazanavir.sdf,
Norepinephrine,2GQG_one_chain_docking.pdb,ligand_sdf_files/Norepinephrine.sdf,
Oxaprozin,2GQG_one_chain_docking.pdb,ligand_sdf_files/Oxaprozin.sdf,
Perospirone,2GQG_one_chain_docking.pdb,ligand_sdf_files/Perospirone.sdf,
Irsogladine,2GQG_one_chain_docking.pdb,ligand_sdf_files/Irsogladine.sdf,
Enalapril,2GQG_one_chain_docking.pdb,ligand_sdf_files/Enalapril.sdf,
Cerivastatin,2GQG_one_chain_docking.pdb,ligand_sdf_files/Cerivastatin.sdf,
Cholic_Acid,2GQG_one_chain_docking.pdb,ligand_sdf_files/Cholic_Acid.sdf,
Clenbuterol,2GQG_one_chain_docking.pdb,ligand_sdf_files/Clenbuterol.sdf,
Lamotrigine,2GQG_one_chain_docking.pdb,ligand_sdf_files/Lamotrigine.sdf,
Hydroquinone,2GQG_one_chain_docking.pdb,ligand_sdf_files/Hydroquinone.sdf,
Cyclacillin,2GQG_one_chain_docking.pdb,ligand_sdf_files/Cyclacillin.sdf,
Articaine,2GQG_one_chain_docking.pdb,ligand_sdf_files/Articaine.sdf,
Marinol,2GQG_one_chain_docking.pdb,ligand_sdf_files/Marinol.sdf,
Stanozolol,2GQG_one_chain_docking.pdb,ligand_sdf_files/Stanozolol.sdf,
Dydrogesterone,2GQG_one_chain_docking.pdb,ligand_sdf_files/Dydrogesterone.sdf,
Mepyramine_maleate,2GQG_one_chain_docking.pdb,ligand_sdf_files/Mepyramine_maleate.sdf,
Imipramine,2GQG_one_chain_docking.pdb,ligand_sdf_files/Imipramine.sdf,
Alfuzosin,2GQG_one_chain_docking.pdb,ligand_sdf_files/Alfuzosin.sdf,
Plicamycin,2GQG_one_chain_docking.pdb,ligand_sdf_files/Plicamycin.sdf,
Icosapent,2GQG_one_chain_docking.pdb,ligand_sdf_files/Icosapent.sdf,
Perindopril,2GQG_one_chain_docking.pdb,ligand_sdf_files/Perindopril.sdf,
Lefamulin,2GQG_one_chain_docking.pdb,ligand_sdf_files/Lefamulin.sdf,
Sennoside_b,2GQG_one_chain_docking.pdb,ligand_sdf_files/Sennoside_b.sdf,
Cotinine,2GQG_one_chain_docking.pdb,ligand_sdf_files/Cotinine.sdf,
Morantel_tartrate,2GQG_one_chain_docking.pdb,ligand_sdf_files/Morantel_tartrate.sdf,
Nipradilol,2GQG_one_chain_docking.pdb,ligand_sdf_files/Nipradilol.sdf,
LY2835219,2GQG_one_chain_docking.pdb,ligand_sdf_files/LY2835219.sdf,
Gold_sodium_thiomalate,2GQG_one_chain_docking.pdb,ligand_sdf_files/Gold_sodium_thiomalate.sdf,
Solriamfetol,2GQG_one_chain_docking.pdb,ligand_sdf_files/Solriamfetol.sdf,
Penicillin_V,2GQG_one_chain_docking.pdb,ligand_sdf_files/Penicillin_V.sdf,
Triprolidine,2GQG_one_chain_docking.pdb,ligand_sdf_files/Triprolidine.sdf,
Motixafortide,2GQG_one_chain_docking.pdb,ligand_sdf_files/Motixafortide.sdf,
Ergonovine,2GQG_one_chain_docking.pdb,ligand_sdf_files/Ergonovine.sdf,
Duloxetine,2GQG_one_chain_docking.pdb,ligand_sdf_files/Duloxetine.sdf,
Darolutamide,2GQG_one_chain_docking.pdb,ligand_sdf_files/Darolutamide.sdf,
Carbenicillin,2GQG_one_chain_docking.pdb,ligand_sdf_files/Carbenicillin.sdf,
Emepronium,2GQG_one_chain_docking.pdb,ligand_sdf_files/Emepronium.sdf,
Ergotidine,2GQG_one_chain_docking.pdb,ligand_sdf_files/Ergotidine.sdf,
Eszopiclone,2GQG_one_chain_docking.pdb,ligand_sdf_files/Eszopiclone.sdf,
Docusate,2GQG_one_chain_docking.pdb,ligand_sdf_files/Docusate.sdf,
Labetalol,2GQG_one_chain_docking.pdb,ligand_sdf_files/Labetalol.sdf,
Balsalazide,2GQG_one_chain_docking.pdb,ligand_sdf_files/Balsalazide.sdf,
Chlordiazepoxide,2GQG_one_chain_docking.pdb,ligand_sdf_files/Chlordiazepoxide.sdf,
Talaporfin,2GQG_one_chain_docking.pdb,ligand_sdf_files/Talaporfin.sdf,
Penfluridol,2GQG_one_chain_docking.pdb,ligand_sdf_files/Penfluridol.sdf,
Sulpiride,2GQG_one_chain_docking.pdb,ligand_sdf_files/Sulpiride.sdf,
Medroxyprogesterone,2GQG_one_chain_docking.pdb,ligand_sdf_files/Medroxyprogesterone.sdf,
Kawain,2GQG_one_chain_docking.pdb,ligand_sdf_files/Kawain.sdf,
Altretamine,2GQG_one_chain_docking.pdb,ligand_sdf_files/Altretamine.sdf,
Inosine_pranobex,2GQG_one_chain_docking.pdb,ligand_sdf_files/Inosine_pranobex.sdf,
Sarecycline,2GQG_one_chain_docking.pdb,ligand_sdf_files/Sarecycline.sdf,
Hexylcaine,2GQG_one_chain_docking.pdb,ligand_sdf_files/Hexylcaine.sdf,
Acebutolol,2GQG_one_chain_docking.pdb,ligand_sdf_files/Acebutolol.sdf,
Brovincamine_fumarate,2GQG_one_chain_docking.pdb,ligand_sdf_files/Brovincamine_fumarate.sdf,
Apremilast,2GQG_one_chain_docking.pdb,ligand_sdf_files/Apremilast.sdf,
Escitalopram,2GQG_one_chain_docking.pdb,ligand_sdf_files/Escitalopram.sdf,
Amisulpride,2GQG_one_chain_docking.pdb,ligand_sdf_files/Amisulpride.sdf,
Etretinate,2GQG_one_chain_docking.pdb,ligand_sdf_files/Etretinate.sdf,
Ranolazine,2GQG_one_chain_docking.pdb,ligand_sdf_files/Ranolazine.sdf,
Adapalene,2GQG_one_chain_docking.pdb,ligand_sdf_files/Adapalene.sdf,
EVANS_BLUE,2GQG_one_chain_docking.pdb,ligand_sdf_files/EVANS_BLUE.sdf,
Chlorzoxazone,2GQG_one_chain_docking.pdb,ligand_sdf_files/Chlorzoxazone.sdf,
Iodoquinol,2GQG_one_chain_docking.pdb,ligand_sdf_files/Iodoquinol.sdf,
Phenprocoumon,2GQG_one_chain_docking.pdb,ligand_sdf_files/Phenprocoumon.sdf,
Lorcaserin,2GQG_one_chain_docking.pdb,ligand_sdf_files/Lorcaserin.sdf,
Mesoridazine,2GQG_one_chain_docking.pdb,ligand_sdf_files/Mesoridazine.sdf,
Cinolazepam,2GQG_one_chain_docking.pdb,ligand_sdf_files/Cinolazepam.sdf,
Fostemsavir,2GQG_one_chain_docking.pdb,ligand_sdf_files/Fostemsavir.sdf,
Zaleplon,2GQG_one_chain_docking.pdb,ligand_sdf_files/Zaleplon.sdf,
Diclofenac,2GQG_one_chain_docking.pdb,ligand_sdf_files/Diclofenac.sdf,
Fentiazac,2GQG_one_chain_docking.pdb,ligand_sdf_files/Fentiazac.sdf,
Benznidazole,2GQG_one_chain_docking.pdb,ligand_sdf_files/Benznidazole.sdf,
Dihydroartemisinin,2GQG_one_chain_docking.pdb,ligand_sdf_files/Dihydroartemisinin.sdf,
Tazemetostat,2GQG_one_chain_docking.pdb,ligand_sdf_files/Tazemetostat.sdf,
Barbiturate,2GQG_one_chain_docking.pdb,ligand_sdf_files/Barbiturate.sdf,
Talc,2GQG_one_chain_docking.pdb,ligand_sdf_files/Talc.sdf,
lumateperone_tosylate,2GQG_one_chain_docking.pdb,ligand_sdf_files/lumateperone_tosylate.sdf,
Clofazimine,2GQG_one_chain_docking.pdb,ligand_sdf_files/Clofazimine.sdf,
Malathion,2GQG_one_chain_docking.pdb,ligand_sdf_files/Malathion.sdf,
Methylene_blue,2GQG_one_chain_docking.pdb,ligand_sdf_files/Methylene_blue.sdf,
Lanreotide_acetate,2GQG_one_chain_docking.pdb,ligand_sdf_files/Lanreotide_acetate.sdf,
YM443,2GQG_one_chain_docking.pdb,ligand_sdf_files/YM443.sdf,
Epanova,2GQG_one_chain_docking.pdb,ligand_sdf_files/Epanova.sdf,
Potassium_iodide,2GQG_one_chain_docking.pdb,ligand_sdf_files/Potassium_iodide.sdf,
Allyl_isothiocyanate,2GQG_one_chain_docking.pdb,ligand_sdf_files/Allyl_isothiocyanate.sdf,
Bendamustine_hydrochloride,2GQG_one_chain_docking.pdb,ligand_sdf_files/Bendamustine_hydrochloride.sdf,
Citicoline,2GQG_one_chain_docking.pdb,ligand_sdf_files/Citicoline.sdf,
Betazole,2GQG_one_chain_docking.pdb,ligand_sdf_files/Betazole.sdf,
Clomifene,2GQG_one_chain_docking.pdb,ligand_sdf_files/Clomifene.sdf,
Methohexital,2GQG_one_chain_docking.pdb,ligand_sdf_files/Methohexital.sdf,
Furosemide,2GQG_one_chain_docking.pdb,ligand_sdf_files/Furosemide.sdf,
Estradiol_valerate_dienogest,2GQG_one_chain_docking.pdb,ligand_sdf_files/Estradiol_valerate_dienogest.sdf,
Amphetamine,2GQG_one_chain_docking.pdb,ligand_sdf_files/Amphetamine.sdf,
Tirilazad_mesylate,2GQG_one_chain_docking.pdb,ligand_sdf_files/Tirilazad_mesylate.sdf,
Calcium_dobesilate,2GQG_one_chain_docking.pdb,ligand_sdf_files/Calcium_dobesilate.sdf,
Etanidazole,2GQG_one_chain_docking.pdb,ligand_sdf_files/Etanidazole.sdf,
Tegafur,2GQG_one_chain_docking.pdb,ligand_sdf_files/Tegafur.sdf,
Nedocromil_sodium,2GQG_one_chain_docking.pdb,ligand_sdf_files/Nedocromil_sodium.sdf,
Mesalazine,2GQG_one_chain_docking.pdb,ligand_sdf_files/Mesalazine.sdf,
Felbamate,2GQG_one_chain_docking.pdb,ligand_sdf_files/Felbamate.sdf,
Bosutinib,2GQG_one_chain_docking.pdb,ligand_sdf_files/Bosutinib.sdf,
Olprinone,2GQG_one_chain_docking.pdb,ligand_sdf_files/Olprinone.sdf,
Doripenem,2GQG_one_chain_docking.pdb,ligand_sdf_files/Doripenem.sdf,
Secobarbital,2GQG_one_chain_docking.pdb,ligand_sdf_files/Secobarbital.sdf,
Scopolamine,2GQG_one_chain_docking.pdb,ligand_sdf_files/Scopolamine.sdf,
Hydrocodone,2GQG_one_chain_docking.pdb,ligand_sdf_files/Hydrocodone.sdf,
Lymecycline,2GQG_one_chain_docking.pdb,ligand_sdf_files/Lymecycline.sdf,
DEOXYCYTIDINE,2GQG_one_chain_docking.pdb,ligand_sdf_files/DEOXYCYTIDINE.sdf,
Pramipexole,2GQG_one_chain_docking.pdb,ligand_sdf_files/Pramipexole.sdf,
Mirvetuximab_soravtansine,2GQG_one_chain_docking.pdb,ligand_sdf_files/Mirvetuximab_soravtansine.sdf,
Gestrinone,2GQG_one_chain_docking.pdb,ligand_sdf_files/Gestrinone.sdf,
fluciclovine_F_18,2GQG_one_chain_docking.pdb,ligand_sdf_files/fluciclovine_F_18.sdf,
Pelubiprofen,2GQG_one_chain_docking.pdb,ligand_sdf_files/Pelubiprofen.sdf,
AST_120,2GQG_one_chain_docking.pdb,ligand_sdf_files/AST_120.sdf,
Lactulose,2GQG_one_chain_docking.pdb,ligand_sdf_files/Lactulose.sdf,
Maribavir,2GQG_one_chain_docking.pdb,ligand_sdf_files/Maribavir.sdf,
Ipriflavone,2GQG_one_chain_docking.pdb,ligand_sdf_files/Ipriflavone.sdf,
Retigabine,2GQG_one_chain_docking.pdb,ligand_sdf_files/Retigabine.sdf,
Romidepsin,2GQG_one_chain_docking.pdb,ligand_sdf_files/Romidepsin.sdf,
Dibucaine,2GQG_one_chain_docking.pdb,ligand_sdf_files/Dibucaine.sdf,
Zinc_Acetate,2GQG_one_chain_docking.pdb,ligand_sdf_files/Zinc_Acetate.sdf,
Tyropanoate_sodium,2GQG_one_chain_docking.pdb,ligand_sdf_files/Tyropanoate_sodium.sdf,
Insulin__porcine,2GQG_one_chain_docking.pdb,ligand_sdf_files/Insulin__porcine.sdf,
Mepyramine,2GQG_one_chain_docking.pdb,ligand_sdf_files/Mepyramine.sdf,
Rv_11,2GQG_one_chain_docking.pdb,ligand_sdf_files/Rv_11.sdf,
Ajmaline,2GQG_one_chain_docking.pdb,ligand_sdf_files/Ajmaline.sdf,
Dezocine,2GQG_one_chain_docking.pdb,ligand_sdf_files/Dezocine.sdf,
Nonoxynol_9,2GQG_one_chain_docking.pdb,ligand_sdf_files/Nonoxynol_9.sdf,
Methdilazine,2GQG_one_chain_docking.pdb,ligand_sdf_files/Methdilazine.sdf,
Pentamidine,2GQG_one_chain_docking.pdb,ligand_sdf_files/Pentamidine.sdf,
Dextroamphetamine,2GQG_one_chain_docking.pdb,ligand_sdf_files/Dextroamphetamine.sdf,
Fosamprenavir,2GQG_one_chain_docking.pdb,ligand_sdf_files/Fosamprenavir.sdf,
Vonoprazan,2GQG_one_chain_docking.pdb,ligand_sdf_files/Vonoprazan.sdf,
Pirmenol,2GQG_one_chain_docking.pdb,ligand_sdf_files/Pirmenol.sdf,
Chromic_phosphate_P_32,2GQG_one_chain_docking.pdb,ligand_sdf_files/Chromic_phosphate_P_32.sdf,
Buflomedil,2GQG_one_chain_docking.pdb,ligand_sdf_files/Buflomedil.sdf,
Gamolenic_acid,2GQG_one_chain_docking.pdb,ligand_sdf_files/Gamolenic_acid.sdf,
Mebendazole,2GQG_one_chain_docking.pdb,ligand_sdf_files/Mebendazole.sdf,
Ceritinib,2GQG_one_chain_docking.pdb,ligand_sdf_files/Ceritinib.sdf,
Pravastatin,2GQG_one_chain_docking.pdb,ligand_sdf_files/Pravastatin.sdf,
Lumefantrine,2GQG_one_chain_docking.pdb,ligand_sdf_files/Lumefantrine.sdf,
Phenyl_Aminosalicylate,2GQG_one_chain_docking.pdb,ligand_sdf_files/Phenyl_Aminosalicylate.sdf,
Mobenakin,2GQG_one_chain_docking.pdb,ligand_sdf_files/Mobenakin.sdf,
Clorazepate,2GQG_one_chain_docking.pdb,ligand_sdf_files/Clorazepate.sdf,
Tiamenidine,2GQG_one_chain_docking.pdb,ligand_sdf_files/Tiamenidine.sdf,
Chlorpropamide,2GQG_one_chain_docking.pdb,ligand_sdf_files/Chlorpropamide.sdf,
Clascoterone,2GQG_one_chain_docking.pdb,ligand_sdf_files/Clascoterone.sdf,
Irbesartan,2GQG_one_chain_docking.pdb,ligand_sdf_files/Irbesartan.sdf,
Dicloxacillin,2GQG_one_chain_docking.pdb,ligand_sdf_files/Dicloxacillin.sdf,
Ibudilast,2GQG_one_chain_docking.pdb,ligand_sdf_files/Ibudilast.sdf,
Aliskiren,2GQG_one_chain_docking.pdb,ligand_sdf_files/Aliskiren.sdf,
Rhucin,2GQG_one_chain_docking.pdb,ligand_sdf_files/Rhucin.sdf,
Finafloxacin,2GQG_one_chain_docking.pdb,ligand_sdf_files/Finafloxacin.sdf,
Teniposide,2GQG_one_chain_docking.pdb,ligand_sdf_files/Teniposide.sdf,
Niflumic_Acid,2GQG_one_chain_docking.pdb,ligand_sdf_files/Niflumic_Acid.sdf,
Telotristat_ethyl,2GQG_one_chain_docking.pdb,ligand_sdf_files/Telotristat_ethyl.sdf,
Metyrosine,2GQG_one_chain_docking.pdb,ligand_sdf_files/Metyrosine.sdf,
Propantheline,2GQG_one_chain_docking.pdb,ligand_sdf_files/Propantheline.sdf,
Insulin_recombinant,2GQG_one_chain_docking.pdb,ligand_sdf_files/Insulin_recombinant.sdf,
Sofalcone,2GQG_one_chain_docking.pdb,ligand_sdf_files/Sofalcone.sdf,
Difluprednate,2GQG_one_chain_docking.pdb,ligand_sdf_files/Difluprednate.sdf,
Monocrotaline,2GQG_one_chain_docking.pdb,ligand_sdf_files/Monocrotaline.sdf,
Bromopride,2GQG_one_chain_docking.pdb,ligand_sdf_files/Bromopride.sdf,
Dorzolamide,2GQG_one_chain_docking.pdb,ligand_sdf_files/Dorzolamide.sdf,
Prednisone,2GQG_one_chain_docking.pdb,ligand_sdf_files/Prednisone.sdf,
Testosterone,2GQG_one_chain_docking.pdb,ligand_sdf_files/Testosterone.sdf,
Biperiden,2GQG_one_chain_docking.pdb,ligand_sdf_files/Biperiden.sdf,
Iodipamide,2GQG_one_chain_docking.pdb,ligand_sdf_files/Iodipamide.sdf,
Pentosan_Polysulfate,2GQG_one_chain_docking.pdb,ligand_sdf_files/Pentosan_Polysulfate.sdf,
Betamethasone_Valerate,2GQG_one_chain_docking.pdb,ligand_sdf_files/Betamethasone_Valerate.sdf,
Iobenguane_Sulfate_I_131,2GQG_one_chain_docking.pdb,ligand_sdf_files/Iobenguane_Sulfate_I_131.sdf,
Indeloxazine,2GQG_one_chain_docking.pdb,ligand_sdf_files/Indeloxazine.sdf,
Ridogrel,2GQG_one_chain_docking.pdb,ligand_sdf_files/Ridogrel.sdf,
Propyliodone,2GQG_one_chain_docking.pdb,ligand_sdf_files/Propyliodone.sdf,
Deslanoside,2GQG_one_chain_docking.pdb,ligand_sdf_files/Deslanoside.sdf,
Viomycin_sulfate,2GQG_one_chain_docking.pdb,ligand_sdf_files/Viomycin_sulfate.sdf,
Cefmetazole,2GQG_one_chain_docking.pdb,ligand_sdf_files/Cefmetazole.sdf,
Trientine_Hydrochloride,2GQG_one_chain_docking.pdb,ligand_sdf_files/Trientine_Hydrochloride.sdf,
Meprednisone,2GQG_one_chain_docking.pdb,ligand_sdf_files/Meprednisone.sdf,
Vapreotide_acetate,2GQG_one_chain_docking.pdb,ligand_sdf_files/Vapreotide_acetate.sdf,
Tridihexethyl,2GQG_one_chain_docking.pdb,ligand_sdf_files/Tridihexethyl.sdf,
Pyridostigmine,2GQG_one_chain_docking.pdb,ligand_sdf_files/Pyridostigmine.sdf,
Tirbanibulin,2GQG_one_chain_docking.pdb,ligand_sdf_files/Tirbanibulin.sdf,
Netilmicin,2GQG_one_chain_docking.pdb,ligand_sdf_files/Netilmicin.sdf,
Amobarbital,2GQG_one_chain_docking.pdb,ligand_sdf_files/Amobarbital.sdf,
Oxprenolol,2GQG_one_chain_docking.pdb,ligand_sdf_files/Oxprenolol.sdf,
Hydroxystilbamidine_Isethionate,2GQG_one_chain_docking.pdb,ligand_sdf_files/Hydroxystilbamidine_Isethionate.sdf,
Meropenem___vaborbactam,2GQG_one_chain_docking.pdb,ligand_sdf_files/Meropenem___vaborbactam.sdf,
Levopropoxyphene_Napsylate_Anhydrous,2GQG_one_chain_docking.pdb,ligand_sdf_files/Levopropoxyphene_Napsylate_Anhydrous.sdf,
Sodium_chloride,2GQG_one_chain_docking.pdb,ligand_sdf_files/Sodium_chloride.sdf,
Methyldopate_Hydrochloride,2GQG_one_chain_docking.pdb,ligand_sdf_files/Methyldopate_Hydrochloride.sdf,
Anisodine,2GQG_one_chain_docking.pdb,ligand_sdf_files/Anisodine.sdf,
Crotamiton,2GQG_one_chain_docking.pdb,ligand_sdf_files/Crotamiton.sdf,
Pyrimethamine_sulfadoxine,2GQG_one_chain_docking.pdb,ligand_sdf_files/Pyrimethamine_sulfadoxine.sdf,
Ripretinib,2GQG_one_chain_docking.pdb,ligand_sdf_files/Ripretinib.sdf,
Dapiprazole,2GQG_one_chain_docking.pdb,ligand_sdf_files/Dapiprazole.sdf,
Ozenoxacin,2GQG_one_chain_docking.pdb,ligand_sdf_files/Ozenoxacin.sdf,
Cyproterone,2GQG_one_chain_docking.pdb,ligand_sdf_files/Cyproterone.sdf,
Technetium_Tc_99m_Etidronate_Kit,2GQG_one_chain_docking.pdb,ligand_sdf_files/Technetium_Tc_99m_Etidronate_Kit.sdf,
Cefetamet_pivoxil_hcl,2GQG_one_chain_docking.pdb,ligand_sdf_files/Cefetamet_pivoxil_hcl.sdf,
Dactinomycin,2GQG_one_chain_docking.pdb,ligand_sdf_files/Dactinomycin.sdf,
Stepronin,2GQG_one_chain_docking.pdb,ligand_sdf_files/Stepronin.sdf,
Quazepam,2GQG_one_chain_docking.pdb,ligand_sdf_files/Quazepam.sdf,
Tecovirimat,2GQG_one_chain_docking.pdb,ligand_sdf_files/Tecovirimat.sdf,
Gamma_Homolinolenic_acid,2GQG_one_chain_docking.pdb,ligand_sdf_files/Gamma_Homolinolenic_acid.sdf,
Piperacillin,2GQG_one_chain_docking.pdb,ligand_sdf_files/Piperacillin.sdf,
Sirolimus,2GQG_one_chain_docking.pdb,ligand_sdf_files/Sirolimus.sdf,
NERIDRONIC_ACID,2GQG_one_chain_docking.pdb,ligand_sdf_files/NERIDRONIC_ACID.sdf,
Sodium_nitroprusside,2GQG_one_chain_docking.pdb,ligand_sdf_files/Sodium_nitroprusside.sdf,
Cyclofenil,2GQG_one_chain_docking.pdb,ligand_sdf_files/Cyclofenil.sdf,
Isepamicin,2GQG_one_chain_docking.pdb,ligand_sdf_files/Isepamicin.sdf,
Nalidixic_Acid,2GQG_one_chain_docking.pdb,ligand_sdf_files/Nalidixic_Acid.sdf,
Eicosapentaenoic_acid_docosa_hexaenoic_acid,2GQG_one_chain_docking.pdb,ligand_sdf_files/Eicosapentaenoic_acid_docosa_hexaenoic_acid.sdf,
Anisotropine_Methylbromide,2GQG_one_chain_docking.pdb,ligand_sdf_files/Anisotropine_Methylbromide.sdf,
Aztreonam,2GQG_one_chain_docking.pdb,ligand_sdf_files/Aztreonam.sdf,
Ifosfamide,2GQG_one_chain_docking.pdb,ligand_sdf_files/Ifosfamide.sdf,
Mifepristone,2GQG_one_chain_docking.pdb,ligand_sdf_files/Mifepristone.sdf,
Cimetidine,2GQG_one_chain_docking.pdb,ligand_sdf_files/Cimetidine.sdf,
Rifamycin_b,2GQG_one_chain_docking.pdb,ligand_sdf_files/Rifamycin_b.sdf,
Metoprolol,2GQG_one_chain_docking.pdb,ligand_sdf_files/Metoprolol.sdf,
Quetiapine,2GQG_one_chain_docking.pdb,ligand_sdf_files/Quetiapine.sdf,
Chloroquine,2GQG_one_chain_docking.pdb,ligand_sdf_files/Chloroquine.sdf,
13C_urea,2GQG_one_chain_docking.pdb,ligand_sdf_files/13C_urea.sdf,
Anileridine_Hydrochloride,2GQG_one_chain_docking.pdb,ligand_sdf_files/Anileridine_Hydrochloride.sdf,
Vincristine,2GQG_one_chain_docking.pdb,ligand_sdf_files/Vincristine.sdf,
Benazepril,2GQG_one_chain_docking.pdb,ligand_sdf_files/Benazepril.sdf,
Tenoxicam,2GQG_one_chain_docking.pdb,ligand_sdf_files/Tenoxicam.sdf,
Promestriene,2GQG_one_chain_docking.pdb,ligand_sdf_files/Promestriene.sdf,
Trofosfamide,2GQG_one_chain_docking.pdb,ligand_sdf_files/Trofosfamide.sdf,
Lestaurtinib,2GQG_one_chain_docking.pdb,ligand_sdf_files/Lestaurtinib.sdf,
Carumonam,2GQG_one_chain_docking.pdb,ligand_sdf_files/Carumonam.sdf,
Josamycin,2GQG_one_chain_docking.pdb,ligand_sdf_files/Josamycin.sdf,
Vancomycin,2GQG_one_chain_docking.pdb,ligand_sdf_files/Vancomycin.sdf,
Glycopyrrolate,2GQG_one_chain_docking.pdb,ligand_sdf_files/Glycopyrrolate.sdf,
Losartan,2GQG_one_chain_docking.pdb,ligand_sdf_files/Losartan.sdf,
Oxyphenonium,2GQG_one_chain_docking.pdb,ligand_sdf_files/Oxyphenonium.sdf,
Gatifloxacin,2GQG_one_chain_docking.pdb,ligand_sdf_files/Gatifloxacin.sdf,
Decitabine,2GQG_one_chain_docking.pdb,ligand_sdf_files/Decitabine.sdf,
Acrivastine,2GQG_one_chain_docking.pdb,ligand_sdf_files/Acrivastine.sdf,
Chlorphentermine_Hydrochloride,2GQG_one_chain_docking.pdb,ligand_sdf_files/Chlorphentermine_Hydrochloride.sdf,
Guaimesal,2GQG_one_chain_docking.pdb,ligand_sdf_files/Guaimesal.sdf,
Fluorodopa_F_18,2GQG_one_chain_docking.pdb,ligand_sdf_files/Fluorodopa_F_18.sdf,
Triclosan,2GQG_one_chain_docking.pdb,ligand_sdf_files/Triclosan.sdf,
Clorgyline,2GQG_one_chain_docking.pdb,ligand_sdf_files/Clorgyline.sdf,
Lanatoside_a,2GQG_one_chain_docking.pdb,ligand_sdf_files/Lanatoside_a.sdf,
Lornoxicam,2GQG_one_chain_docking.pdb,ligand_sdf_files/Lornoxicam.sdf,
Carbimazole,2GQG_one_chain_docking.pdb,ligand_sdf_files/Carbimazole.sdf,
YN_968D1,2GQG_one_chain_docking.pdb,ligand_sdf_files/YN_968D1.sdf,
Zinostatin_stimalamer,2GQG_one_chain_docking.pdb,ligand_sdf_files/Zinostatin_stimalamer.sdf,
Ketanserin,2GQG_one_chain_docking.pdb,ligand_sdf_files/Ketanserin.sdf,
Methantheline,2GQG_one_chain_docking.pdb,ligand_sdf_files/Methantheline.sdf,
Benorilate,2GQG_one_chain_docking.pdb,ligand_sdf_files/Benorilate.sdf,
Probenecid,2GQG_one_chain_docking.pdb,ligand_sdf_files/Probenecid.sdf,
Trimethoprim,2GQG_one_chain_docking.pdb,ligand_sdf_files/Trimethoprim.sdf,
Posaconazole,2GQG_one_chain_docking.pdb,ligand_sdf_files/Posaconazole.sdf,
Insulin_glargine,2GQG_one_chain_docking.pdb,ligand_sdf_files/Insulin_glargine.sdf,
Ximelegatran,2GQG_one_chain_docking.pdb,ligand_sdf_files/Ximelegatran.sdf,
Doxapram,2GQG_one_chain_docking.pdb,ligand_sdf_files/Doxapram.sdf,
Chlorpheniramine,2GQG_one_chain_docking.pdb,ligand_sdf_files/Chlorpheniramine.sdf,
Morphine,2GQG_one_chain_docking.pdb,ligand_sdf_files/Morphine.sdf,
Ixabepilone,2GQG_one_chain_docking.pdb,ligand_sdf_files/Ixabepilone.sdf,
Levothyroxine,2GQG_one_chain_docking.pdb,ligand_sdf_files/Levothyroxine.sdf,
Macitentan,2GQG_one_chain_docking.pdb,ligand_sdf_files/Macitentan.sdf,
Cefradine,2GQG_one_chain_docking.pdb,ligand_sdf_files/Cefradine.sdf,
Biapenem,2GQG_one_chain_docking.pdb,ligand_sdf_files/Biapenem.sdf,
Cilostazol,2GQG_one_chain_docking.pdb,ligand_sdf_files/Cilostazol.sdf,
Cephaloglycin,2GQG_one_chain_docking.pdb,ligand_sdf_files/Cephaloglycin.sdf,
Gadobutrol,2GQG_one_chain_docking.pdb,ligand_sdf_files/Gadobutrol.sdf,
Mega_3_acid_ethyl_esters,2GQG_one_chain_docking.pdb,ligand_sdf_files/Mega_3_acid_ethyl_esters.sdf,
Probucol,2GQG_one_chain_docking.pdb,ligand_sdf_files/Probucol.sdf,
Netarsudil,2GQG_one_chain_docking.pdb,ligand_sdf_files/Netarsudil.sdf,
Dalbavancin,2GQG_one_chain_docking.pdb,ligand_sdf_files/Dalbavancin.sdf,
Ammonia,2GQG_one_chain_docking.pdb,ligand_sdf_files/Ammonia.sdf,
Teicoplanin,2GQG_one_chain_docking.pdb,ligand_sdf_files/Teicoplanin.sdf,
Digitalin,2GQG_one_chain_docking.pdb,ligand_sdf_files/Digitalin.sdf,
Brilinta,2GQG_one_chain_docking.pdb,ligand_sdf_files/Brilinta.sdf,
Pristinamycin,2GQG_one_chain_docking.pdb,ligand_sdf_files/Pristinamycin.sdf,
Nafronyl,2GQG_one_chain_docking.pdb,ligand_sdf_files/Nafronyl.sdf,
Dicumarol,2GQG_one_chain_docking.pdb,ligand_sdf_files/Dicumarol.sdf,
Luvox,2GQG_one_chain_docking.pdb,ligand_sdf_files/Luvox.sdf,
Sulfoxone,2GQG_one_chain_docking.pdb,ligand_sdf_files/Sulfoxone.sdf,
Connexyn,2GQG_one_chain_docking.pdb,ligand_sdf_files/Connexyn.sdf,
Ceftiofur,2GQG_one_chain_docking.pdb,ligand_sdf_files/Ceftiofur.sdf,
Desipramine,2GQG_one_chain_docking.pdb,ligand_sdf_files/Desipramine.sdf,
Ambroxol,2GQG_one_chain_docking.pdb,ligand_sdf_files/Ambroxol.sdf,
Methazolamide,2GQG_one_chain_docking.pdb,ligand_sdf_files/Methazolamide.sdf,
Estradiol_Acetate,2GQG_one_chain_docking.pdb,ligand_sdf_files/Estradiol_Acetate.sdf,
Sodium_ferric_gluconate_complex,2GQG_one_chain_docking.pdb,ligand_sdf_files/Sodium_ferric_gluconate_complex.sdf,
Ambenonium,2GQG_one_chain_docking.pdb,ligand_sdf_files/Ambenonium.sdf,
Forasartan,2GQG_one_chain_docking.pdb,ligand_sdf_files/Forasartan.sdf,
Trioxsalen,2GQG_one_chain_docking.pdb,ligand_sdf_files/Trioxsalen.sdf,
Glucarpidase,2GQG_one_chain_docking.pdb,ligand_sdf_files/Glucarpidase.sdf,
Caffeine,2GQG_one_chain_docking.pdb,ligand_sdf_files/Caffeine.sdf,
Tacalcitol,2GQG_one_chain_docking.pdb,ligand_sdf_files/Tacalcitol.sdf,
Eribulin,2GQG_one_chain_docking.pdb,ligand_sdf_files/Eribulin.sdf,
Pirtobrutinib,2GQG_one_chain_docking.pdb,ligand_sdf_files/Pirtobrutinib.sdf,
Atovaquone,2GQG_one_chain_docking.pdb,ligand_sdf_files/Atovaquone.sdf,
Lanatoside_c,2GQG_one_chain_docking.pdb,ligand_sdf_files/Lanatoside_c.sdf,
Pirbuterol,2GQG_one_chain_docking.pdb,ligand_sdf_files/Pirbuterol.sdf,
Haloperidol,2GQG_one_chain_docking.pdb,ligand_sdf_files/Haloperidol.sdf,
Fusidic_Acid,2GQG_one_chain_docking.pdb,ligand_sdf_files/Fusidic_Acid.sdf,
Maxacalcitol,2GQG_one_chain_docking.pdb,ligand_sdf_files/Maxacalcitol.sdf,
Lomustine,2GQG_one_chain_docking.pdb,ligand_sdf_files/Lomustine.sdf,
Nisoldipine,2GQG_one_chain_docking.pdb,ligand_sdf_files/Nisoldipine.sdf,
Pramoxine,2GQG_one_chain_docking.pdb,ligand_sdf_files/Pramoxine.sdf,
Exemestane,2GQG_one_chain_docking.pdb,ligand_sdf_files/Exemestane.sdf,
Propiverine,2GQG_one_chain_docking.pdb,ligand_sdf_files/Propiverine.sdf,
Bopindolol,2GQG_one_chain_docking.pdb,ligand_sdf_files/Bopindolol.sdf,
Acenocoumarol,2GQG_one_chain_docking.pdb,ligand_sdf_files/Acenocoumarol.sdf,
Strontium_Chloride_Sr_89,2GQG_one_chain_docking.pdb,ligand_sdf_files/Strontium_Chloride_Sr_89.sdf,
Delafloxacin_Meglumine,2GQG_one_chain_docking.pdb,ligand_sdf_files/Delafloxacin_Meglumine.sdf,
Flufenamic_Acid,2GQG_one_chain_docking.pdb,ligand_sdf_files/Flufenamic_Acid.sdf,
Benzoyl_peroxide,2GQG_one_chain_docking.pdb,ligand_sdf_files/Benzoyl_peroxide.sdf,
Olutasidenib,2GQG_one_chain_docking.pdb,ligand_sdf_files/Olutasidenib.sdf,
Desonide,2GQG_one_chain_docking.pdb,ligand_sdf_files/Desonide.sdf,
Cholecalciferol,2GQG_one_chain_docking.pdb,ligand_sdf_files/Cholecalciferol.sdf,
Iobenguane_I_123,2GQG_one_chain_docking.pdb,ligand_sdf_files/Iobenguane_I_123.sdf,
Butabarbital,2GQG_one_chain_docking.pdb,ligand_sdf_files/Butabarbital.sdf,
Propiomazine,2GQG_one_chain_docking.pdb,ligand_sdf_files/Propiomazine.sdf,
Alogliptin_metformin,2GQG_one_chain_docking.pdb,ligand_sdf_files/Alogliptin_metformin.sdf,
Vardenafil,2GQG_one_chain_docking.pdb,ligand_sdf_files/Vardenafil.sdf,
Carbamazepine,2GQG_one_chain_docking.pdb,ligand_sdf_files/Carbamazepine.sdf,
Ritlecitinib,2GQG_one_chain_docking.pdb,ligand_sdf_files/Ritlecitinib.sdf,
Xenon_Xe_127,2GQG_one_chain_docking.pdb,ligand_sdf_files/Xenon_Xe_127.sdf,
Delavirdine,2GQG_one_chain_docking.pdb,ligand_sdf_files/Delavirdine.sdf,
Dihydroergotoxine,2GQG_one_chain_docking.pdb,ligand_sdf_files/Dihydroergotoxine.sdf,
Prazepam,2GQG_one_chain_docking.pdb,ligand_sdf_files/Prazepam.sdf,
Phenytoin,2GQG_one_chain_docking.pdb,ligand_sdf_files/Phenytoin.sdf,
Clofarabine,2GQG_one_chain_docking.pdb,ligand_sdf_files/Clofarabine.sdf,
Cefonicid,2GQG_one_chain_docking.pdb,ligand_sdf_files/Cefonicid.sdf,
Thiamylal,2GQG_one_chain_docking.pdb,ligand_sdf_files/Thiamylal.sdf,
Exjade,2GQG_one_chain_docking.pdb,ligand_sdf_files/Exjade.sdf,
Atropine,2GQG_one_chain_docking.pdb,ligand_sdf_files/Atropine.sdf,
Capreomycin,2GQG_one_chain_docking.pdb,ligand_sdf_files/Capreomycin.sdf,
Anagliptin,2GQG_one_chain_docking.pdb,ligand_sdf_files/Anagliptin.sdf,
Rabeprazole,2GQG_one_chain_docking.pdb,ligand_sdf_files/Rabeprazole.sdf,
Succinic_acid,2GQG_one_chain_docking.pdb,ligand_sdf_files/Succinic_acid.sdf,
Irinotecan,2GQG_one_chain_docking.pdb,ligand_sdf_files/Irinotecan.sdf,
Spinosad,2GQG_one_chain_docking.pdb,ligand_sdf_files/Spinosad.sdf,
Nitazoxanide,2GQG_one_chain_docking.pdb,ligand_sdf_files/Nitazoxanide.sdf,
Ruxolitinib,2GQG_one_chain_docking.pdb,ligand_sdf_files/Ruxolitinib.sdf,
Erythromycin,2GQG_one_chain_docking.pdb,ligand_sdf_files/Erythromycin.sdf,
Lodoxamide,2GQG_one_chain_docking.pdb,ligand_sdf_files/Lodoxamide.sdf,
Erythromycin_sulfisoxazole,2GQG_one_chain_docking.pdb,ligand_sdf_files/Erythromycin_sulfisoxazole.sdf,
Fluorescein_Sodium,2GQG_one_chain_docking.pdb,ligand_sdf_files/Fluorescein_Sodium.sdf,
Glatiramer_Acetate,2GQG_one_chain_docking.pdb,ligand_sdf_files/Glatiramer_Acetate.sdf,
Estradiol_Cypionate,2GQG_one_chain_docking.pdb,ligand_sdf_files/Estradiol_Cypionate.sdf,
Triacetin,2GQG_one_chain_docking.pdb,ligand_sdf_files/Triacetin.sdf,
Amorolfine,2GQG_one_chain_docking.pdb,ligand_sdf_files/Amorolfine.sdf,
Diphenidol,2GQG_one_chain_docking.pdb,ligand_sdf_files/Diphenidol.sdf,
Dihydralazine,2GQG_one_chain_docking.pdb,ligand_sdf_files/Dihydralazine.sdf,
Suprofen,2GQG_one_chain_docking.pdb,ligand_sdf_files/Suprofen.sdf,
Sterile_Water,2GQG_one_chain_docking.pdb,ligand_sdf_files/Sterile_Water.sdf,
Silver_nitrate,2GQG_one_chain_docking.pdb,ligand_sdf_files/Silver_nitrate.sdf,
Potassium_Chloride,2GQG_one_chain_docking.pdb,ligand_sdf_files/Potassium_Chloride.sdf,
Anidulafungin,2GQG_one_chain_docking.pdb,ligand_sdf_files/Anidulafungin.sdf,
Benzyl_alcohol,2GQG_one_chain_docking.pdb,ligand_sdf_files/Benzyl_alcohol.sdf,
Bumetanide,2GQG_one_chain_docking.pdb,ligand_sdf_files/Bumetanide.sdf,
Xatral,2GQG_one_chain_docking.pdb,ligand_sdf_files/Xatral.sdf,
Benzylpenicilloyl_Polylysine,2GQG_one_chain_docking.pdb,ligand_sdf_files/Benzylpenicilloyl_Polylysine.sdf,
Levofloxacin,2GQG_one_chain_docking.pdb,ligand_sdf_files/Levofloxacin.sdf,
Ethoxzolamide,2GQG_one_chain_docking.pdb,ligand_sdf_files/Ethoxzolamide.sdf,
Enocitabine,2GQG_one_chain_docking.pdb,ligand_sdf_files/Enocitabine.sdf,
Alogliptin_pioglitazone,2GQG_one_chain_docking.pdb,ligand_sdf_files/Alogliptin_pioglitazone.sdf,
Naftifine,2GQG_one_chain_docking.pdb,ligand_sdf_files/Naftifine.sdf,
L_glutamine,2GQG_one_chain_docking.pdb,ligand_sdf_files/L_glutamine.sdf,
Adefovir_Dipivoxil,2GQG_one_chain_docking.pdb,ligand_sdf_files/Adefovir_Dipivoxil.sdf,
Guanadrel_Sulfate,2GQG_one_chain_docking.pdb,ligand_sdf_files/Guanadrel_Sulfate.sdf,
Propafenone,2GQG_one_chain_docking.pdb,ligand_sdf_files/Propafenone.sdf,
KU_0058948,2GQG_one_chain_docking.pdb,ligand_sdf_files/KU_0058948.sdf,
Adenosine,2GQG_one_chain_docking.pdb,ligand_sdf_files/Adenosine.sdf,
Aniracetam,2GQG_one_chain_docking.pdb,ligand_sdf_files/Aniracetam.sdf,
Gefitinib,2GQG_one_chain_docking.pdb,ligand_sdf_files/Gefitinib.sdf,
Buserelin_acetate,2GQG_one_chain_docking.pdb,ligand_sdf_files/Buserelin_acetate.sdf,
Mitotane,2GQG_one_chain_docking.pdb,ligand_sdf_files/Mitotane.sdf,
Sodium_phenylbutyrate,2GQG_one_chain_docking.pdb,ligand_sdf_files/Sodium_phenylbutyrate.sdf,
Loxapine,2GQG_one_chain_docking.pdb,ligand_sdf_files/Loxapine.sdf,
Sofosbuvir___velpatasvir___voxilaprevir,2GQG_one_chain_docking.pdb,ligand_sdf_files/Sofosbuvir___velpatasvir___voxilaprevir.sdf,
Isoflurophate,2GQG_one_chain_docking.pdb,ligand_sdf_files/Isoflurophate.sdf,
Auranofin,2GQG_one_chain_docking.pdb,ligand_sdf_files/Auranofin.sdf,
Iomeprol,2GQG_one_chain_docking.pdb,ligand_sdf_files/Iomeprol.sdf,
Bromfenac,2GQG_one_chain_docking.pdb,ligand_sdf_files/Bromfenac.sdf,
Lypressin,2GQG_one_chain_docking.pdb,ligand_sdf_files/Lypressin.sdf,
Choline_C_11,2GQG_one_chain_docking.pdb,ligand_sdf_files/Choline_C_11.sdf,
Pentolinium,2GQG_one_chain_docking.pdb,ligand_sdf_files/Pentolinium.sdf,
Reserpine,2GQG_one_chain_docking.pdb,ligand_sdf_files/Reserpine.sdf,
Iodofiltic_acid_I_123,2GQG_one_chain_docking.pdb,ligand_sdf_files/Iodofiltic_acid_I_123.sdf,
Hesperidin,2GQG_one_chain_docking.pdb,ligand_sdf_files/Hesperidin.sdf,
Carbidopa,2GQG_one_chain_docking.pdb,ligand_sdf_files/Carbidopa.sdf,
Prussian_blue,2GQG_one_chain_docking.pdb,ligand_sdf_files/Prussian_blue.sdf,
Nabumetone,2GQG_one_chain_docking.pdb,ligand_sdf_files/Nabumetone.sdf,
Amphotericin_B,2GQG_one_chain_docking.pdb,ligand_sdf_files/Amphotericin_B.sdf,
Olanzapine,2GQG_one_chain_docking.pdb,ligand_sdf_files/Olanzapine.sdf,
Zoledronate,2GQG_one_chain_docking.pdb,ligand_sdf_files/Zoledronate.sdf,
Diflunisal,2GQG_one_chain_docking.pdb,ligand_sdf_files/Diflunisal.sdf,
Voglibose,2GQG_one_chain_docking.pdb,ligand_sdf_files/Voglibose.sdf,
Amifampridine,2GQG_one_chain_docking.pdb,ligand_sdf_files/Amifampridine.sdf,
Mozavaptan,2GQG_one_chain_docking.pdb,ligand_sdf_files/Mozavaptan.sdf,
Vilanterol,2GQG_one_chain_docking.pdb,ligand_sdf_files/Vilanterol.sdf,
Bezafibrate,2GQG_one_chain_docking.pdb,ligand_sdf_files/Bezafibrate.sdf,
Rose_Bengal_Sodium_I_131,2GQG_one_chain_docking.pdb,ligand_sdf_files/Rose_Bengal_Sodium_I_131.sdf,
Pacritinib,2GQG_one_chain_docking.pdb,ligand_sdf_files/Pacritinib.sdf,
Ursodeoxycholic_acid,2GQG_one_chain_docking.pdb,ligand_sdf_files/Ursodeoxycholic_acid.sdf,
Desvenlafaxine,2GQG_one_chain_docking.pdb,ligand_sdf_files/Desvenlafaxine.sdf,
PSMA_11_Ga_68,2GQG_one_chain_docking.pdb,ligand_sdf_files/PSMA_11_Ga_68.sdf,
Vitamin_B1,2GQG_one_chain_docking.pdb,ligand_sdf_files/Vitamin_B1.sdf,
Famotidine,2GQG_one_chain_docking.pdb,ligand_sdf_files/Famotidine.sdf,
Quinapril,2GQG_one_chain_docking.pdb,ligand_sdf_files/Quinapril.sdf,
Olaparib,2GQG_one_chain_docking.pdb,ligand_sdf_files/Olaparib.sdf,
Zalcitabine,2GQG_one_chain_docking.pdb,ligand_sdf_files/Zalcitabine.sdf,
Ethylestrenol,2GQG_one_chain_docking.pdb,ligand_sdf_files/Ethylestrenol.sdf,
Cefteram_pivoxil,2GQG_one_chain_docking.pdb,ligand_sdf_files/Cefteram_pivoxil.sdf,
Retapamulin,2GQG_one_chain_docking.pdb,ligand_sdf_files/Retapamulin.sdf,
Isoproterenol,2GQG_one_chain_docking.pdb,ligand_sdf_files/Isoproterenol.sdf,
Larotrectinib,2GQG_one_chain_docking.pdb,ligand_sdf_files/Larotrectinib.sdf,
Carprofen,2GQG_one_chain_docking.pdb,ligand_sdf_files/Carprofen.sdf,
Bestatin,2GQG_one_chain_docking.pdb,ligand_sdf_files/Bestatin.sdf,
Zolmitriptan,2GQG_one_chain_docking.pdb,ligand_sdf_files/Zolmitriptan.sdf,
Umeclidinium,2GQG_one_chain_docking.pdb,ligand_sdf_files/Umeclidinium.sdf,
PF_04449913,2GQG_one_chain_docking.pdb,ligand_sdf_files/PF_04449913.sdf,
GDC_0199,2GQG_one_chain_docking.pdb,ligand_sdf_files/GDC_0199.sdf,
Isosorbide_Dinitrate,2GQG_one_chain_docking.pdb,ligand_sdf_files/Isosorbide_Dinitrate.sdf,
FENBUFEN,2GQG_one_chain_docking.pdb,ligand_sdf_files/FENBUFEN.sdf,
Trimazosin,2GQG_one_chain_docking.pdb,ligand_sdf_files/Trimazosin.sdf,
Amezinium,2GQG_one_chain_docking.pdb,ligand_sdf_files/Amezinium.sdf,
Glibenclamide,2GQG_one_chain_docking.pdb,ligand_sdf_files/Glibenclamide.sdf,
Oxamniquine,2GQG_one_chain_docking.pdb,ligand_sdf_files/Oxamniquine.sdf,
Potassium_Acetate,2GQG_one_chain_docking.pdb,ligand_sdf_files/Potassium_Acetate.sdf,
Cefroxadine,2GQG_one_chain_docking.pdb,ligand_sdf_files/Cefroxadine.sdf,
Carzinophilin,2GQG_one_chain_docking.pdb,ligand_sdf_files/Carzinophilin.sdf,
Hydrogen_peroxide,2GQG_one_chain_docking.pdb,ligand_sdf_files/Hydrogen_peroxide.sdf,
Tripelennamine,2GQG_one_chain_docking.pdb,ligand_sdf_files/Tripelennamine.sdf,
Lonafarnib,2GQG_one_chain_docking.pdb,ligand_sdf_files/Lonafarnib.sdf,
Trichlormethiazide,2GQG_one_chain_docking.pdb,ligand_sdf_files/Trichlormethiazide.sdf,
Nepafenac,2GQG_one_chain_docking.pdb,ligand_sdf_files/Nepafenac.sdf,
Pyrvinium,2GQG_one_chain_docking.pdb,ligand_sdf_files/Pyrvinium.sdf,
Baclofen,2GQG_one_chain_docking.pdb,ligand_sdf_files/Baclofen.sdf,
Penciclovir,2GQG_one_chain_docking.pdb,ligand_sdf_files/Penciclovir.sdf,
Hydrochlorothiazide,2GQG_one_chain_docking.pdb,ligand_sdf_files/Hydrochlorothiazide.sdf,
Ammonium_lactate,2GQG_one_chain_docking.pdb,ligand_sdf_files/Ammonium_lactate.sdf,
Sulfamethizole,2GQG_one_chain_docking.pdb,ligand_sdf_files/Sulfamethizole.sdf,
Octreotide,2GQG_one_chain_docking.pdb,ligand_sdf_files/Octreotide.sdf,
PITAVASTATIN_CALCIUM,2GQG_one_chain_docking.pdb,ligand_sdf_files/PITAVASTATIN_CALCIUM.sdf,
Iloperidone,2GQG_one_chain_docking.pdb,ligand_sdf_files/Iloperidone.sdf,
Clonixin,2GQG_one_chain_docking.pdb,ligand_sdf_files/Clonixin.sdf,
Cenobamate,2GQG_one_chain_docking.pdb,ligand_sdf_files/Cenobamate.sdf,
Magnesium,2GQG_one_chain_docking.pdb,ligand_sdf_files/Magnesium.sdf,
Amantadine,2GQG_one_chain_docking.pdb,ligand_sdf_files/Amantadine.sdf,
Busulfan,2GQG_one_chain_docking.pdb,ligand_sdf_files/Busulfan.sdf,
Buprenorphine,2GQG_one_chain_docking.pdb,ligand_sdf_files/Buprenorphine.sdf,
Levomethadyl_Acetate,2GQG_one_chain_docking.pdb,ligand_sdf_files/Levomethadyl_Acetate.sdf,
Eplerenone,2GQG_one_chain_docking.pdb,ligand_sdf_files/Eplerenone.sdf,
Carbetocin,2GQG_one_chain_docking.pdb,ligand_sdf_files/Carbetocin.sdf,
Monoctanoin,2GQG_one_chain_docking.pdb,ligand_sdf_files/Monoctanoin.sdf,
Temozolomide,2GQG_one_chain_docking.pdb,ligand_sdf_files/Temozolomide.sdf,
Melinamide,2GQG_one_chain_docking.pdb,ligand_sdf_files/Melinamide.sdf,
Pimozide,2GQG_one_chain_docking.pdb,ligand_sdf_files/Pimozide.sdf,
Fedratinib,2GQG_one_chain_docking.pdb,ligand_sdf_files/Fedratinib.sdf,
Nemonoxacin,2GQG_one_chain_docking.pdb,ligand_sdf_files/Nemonoxacin.sdf,
Valdecoxib,2GQG_one_chain_docking.pdb,ligand_sdf_files/Valdecoxib.sdf,
Copper,2GQG_one_chain_docking.pdb,ligand_sdf_files/Copper.sdf,
Eluxadoline,2GQG_one_chain_docking.pdb,ligand_sdf_files/Eluxadoline.sdf,
Futibatinib,2GQG_one_chain_docking.pdb,ligand_sdf_files/Futibatinib.sdf,
Epinephrine,2GQG_one_chain_docking.pdb,ligand_sdf_files/Epinephrine.sdf,
Brilliant_Blue_G_Ophthalmic_Solution,2GQG_one_chain_docking.pdb,ligand_sdf_files/Brilliant_Blue_G_Ophthalmic_Solution.sdf,
Propylhexedrine,2GQG_one_chain_docking.pdb,ligand_sdf_files/Propylhexedrine.sdf,
Rilpivirine,2GQG_one_chain_docking.pdb,ligand_sdf_files/Rilpivirine.sdf,
Flecainide,2GQG_one_chain_docking.pdb,ligand_sdf_files/Flecainide.sdf,
Rimegepant,2GQG_one_chain_docking.pdb,ligand_sdf_files/Rimegepant.sdf,
Rosiglitazone_XR,2GQG_one_chain_docking.pdb,ligand_sdf_files/Rosiglitazone_XR.sdf,
Valsartan,2GQG_one_chain_docking.pdb,ligand_sdf_files/Valsartan.sdf,
Iprodione,2GQG_one_chain_docking.pdb,ligand_sdf_files/Iprodione.sdf,
Pegunigalsidase_alfa,2GQG_one_chain_docking.pdb,ligand_sdf_files/Pegunigalsidase_alfa.sdf,
Mizolastine,2GQG_one_chain_docking.pdb,ligand_sdf_files/Mizolastine.sdf,
Lercanidipine,2GQG_one_chain_docking.pdb,ligand_sdf_files/Lercanidipine.sdf,
Epicillin,2GQG_one_chain_docking.pdb,ligand_sdf_files/Epicillin.sdf,
Arformoterol,2GQG_one_chain_docking.pdb,ligand_sdf_files/Arformoterol.sdf,
Penbutolol,2GQG_one_chain_docking.pdb,ligand_sdf_files/Penbutolol.sdf,
Gemifloxacin,2GQG_one_chain_docking.pdb,ligand_sdf_files/Gemifloxacin.sdf,
Actarit,2GQG_one_chain_docking.pdb,ligand_sdf_files/Actarit.sdf,
Viloxazine,2GQG_one_chain_docking.pdb,ligand_sdf_files/Viloxazine.sdf,
Amlodipine,2GQG_one_chain_docking.pdb,ligand_sdf_files/Amlodipine.sdf,
Topiramate,2GQG_one_chain_docking.pdb,ligand_sdf_files/Topiramate.sdf,
Guggulsterone,2GQG_one_chain_docking.pdb,ligand_sdf_files/Guggulsterone.sdf,
Oxytocin,2GQG_one_chain_docking.pdb,ligand_sdf_files/Oxytocin.sdf,
Ivabradine,2GQG_one_chain_docking.pdb,ligand_sdf_files/Ivabradine.sdf,
Levomilnacipran,2GQG_one_chain_docking.pdb,ligand_sdf_files/Levomilnacipran.sdf,
Isosorbide_Mononitrate,2GQG_one_chain_docking.pdb,ligand_sdf_files/Isosorbide_Mononitrate.sdf,
Nalfurafine_hcl,2GQG_one_chain_docking.pdb,ligand_sdf_files/Nalfurafine_hcl.sdf,
Meclofenamic_acid,2GQG_one_chain_docking.pdb,ligand_sdf_files/Meclofenamic_acid.sdf,
Orphenadrine,2GQG_one_chain_docking.pdb,ligand_sdf_files/Orphenadrine.sdf,
Mavacamten,2GQG_one_chain_docking.pdb,ligand_sdf_files/Mavacamten.sdf,
Schizophyllan,2GQG_one_chain_docking.pdb,ligand_sdf_files/Schizophyllan.sdf,
Pentetate_zinc_trisodium,2GQG_one_chain_docking.pdb,ligand_sdf_files/Pentetate_zinc_trisodium.sdf,
LOMERIZINE,2GQG_one_chain_docking.pdb,ligand_sdf_files/LOMERIZINE.sdf,
Diazepam,2GQG_one_chain_docking.pdb,ligand_sdf_files/Diazepam.sdf,
Oxymetholone,2GQG_one_chain_docking.pdb,ligand_sdf_files/Oxymetholone.sdf,
Clodronate,2GQG_one_chain_docking.pdb,ligand_sdf_files/Clodronate.sdf,
Enoxacin,2GQG_one_chain_docking.pdb,ligand_sdf_files/Enoxacin.sdf,
Framycetin,2GQG_one_chain_docking.pdb,ligand_sdf_files/Framycetin.sdf,
Kinetin,2GQG_one_chain_docking.pdb,ligand_sdf_files/Kinetin.sdf,
Novobiocin,2GQG_one_chain_docking.pdb,ligand_sdf_files/Novobiocin.sdf,
Pyronaridine,2GQG_one_chain_docking.pdb,ligand_sdf_files/Pyronaridine.sdf,
Pemetrexed,2GQG_one_chain_docking.pdb,ligand_sdf_files/Pemetrexed.sdf,
Sertraline,2GQG_one_chain_docking.pdb,ligand_sdf_files/Sertraline.sdf,
Nizatidine,2GQG_one_chain_docking.pdb,ligand_sdf_files/Nizatidine.sdf,
Folic_Acid,2GQG_one_chain_docking.pdb,ligand_sdf_files/Folic_Acid.sdf,
Etodolac,2GQG_one_chain_docking.pdb,ligand_sdf_files/Etodolac.sdf,
Meglitinides,2GQG_one_chain_docking.pdb,ligand_sdf_files/Meglitinides.sdf,
BIBW_2992,2GQG_one_chain_docking.pdb,ligand_sdf_files/BIBW_2992.sdf,
Isopropamide_iodide,2GQG_one_chain_docking.pdb,ligand_sdf_files/Isopropamide_iodide.sdf,
Dacarbazine,2GQG_one_chain_docking.pdb,ligand_sdf_files/Dacarbazine.sdf,
Cefotaxime,2GQG_one_chain_docking.pdb,ligand_sdf_files/Cefotaxime.sdf,
Demecarium_bromide,2GQG_one_chain_docking.pdb,ligand_sdf_files/Demecarium_bromide.sdf,
Cysteine_Hydrochloride,2GQG_one_chain_docking.pdb,ligand_sdf_files/Cysteine_Hydrochloride.sdf,
Nartograstim,2GQG_one_chain_docking.pdb,ligand_sdf_files/Nartograstim.sdf,
Urea,2GQG_one_chain_docking.pdb,ligand_sdf_files/Urea.sdf,
Betamethasone,2GQG_one_chain_docking.pdb,ligand_sdf_files/Betamethasone.sdf,
Cefpodoxime,2GQG_one_chain_docking.pdb,ligand_sdf_files/Cefpodoxime.sdf,
Vidarabine,2GQG_one_chain_docking.pdb,ligand_sdf_files/Vidarabine.sdf,
Letrozole,2GQG_one_chain_docking.pdb,ligand_sdf_files/Letrozole.sdf,
Tiotropium,2GQG_one_chain_docking.pdb,ligand_sdf_files/Tiotropium.sdf,
Bupropion,2GQG_one_chain_docking.pdb,ligand_sdf_files/Bupropion.sdf,
Dyphylline,2GQG_one_chain_docking.pdb,ligand_sdf_files/Dyphylline.sdf,
Spiramycin,2GQG_one_chain_docking.pdb,ligand_sdf_files/Spiramycin.sdf,
Icatibant,2GQG_one_chain_docking.pdb,ligand_sdf_files/Icatibant.sdf,
Andrographolide,2GQG_one_chain_docking.pdb,ligand_sdf_files/Andrographolide.sdf,
Pemafibrate,2GQG_one_chain_docking.pdb,ligand_sdf_files/Pemafibrate.sdf,
Aceclofenac,2GQG_one_chain_docking.pdb,ligand_sdf_files/Aceclofenac.sdf,
Acrisorcin,2GQG_one_chain_docking.pdb,ligand_sdf_files/Acrisorcin.sdf,
Rezafungin,2GQG_one_chain_docking.pdb,ligand_sdf_files/Rezafungin.sdf,
Rufinamide,2GQG_one_chain_docking.pdb,ligand_sdf_files/Rufinamide.sdf,
Arteflene,2GQG_one_chain_docking.pdb,ligand_sdf_files/Arteflene.sdf,
Tofacitinib,2GQG_one_chain_docking.pdb,ligand_sdf_files/Tofacitinib.sdf,
Uridine_triacetate,2GQG_one_chain_docking.pdb,ligand_sdf_files/Uridine_triacetate.sdf,
Miltefosine,2GQG_one_chain_docking.pdb,ligand_sdf_files/Miltefosine.sdf,
Penicillingit,2GQG_one_chain_docking.pdb,ligand_sdf_files/Penicillingit.sdf,
Hydroxyzine,2GQG_one_chain_docking.pdb,ligand_sdf_files/Hydroxyzine.sdf,
Ridostin,2GQG_one_chain_docking.pdb,ligand_sdf_files/Ridostin.sdf,
Cephalexin,2GQG_one_chain_docking.pdb,ligand_sdf_files/Cephalexin.sdf,
Mezlocillin,2GQG_one_chain_docking.pdb,ligand_sdf_files/Mezlocillin.sdf,
Enprostil,2GQG_one_chain_docking.pdb,ligand_sdf_files/Enprostil.sdf,
Benperidol,2GQG_one_chain_docking.pdb,ligand_sdf_files/Benperidol.sdf,
Lentinan,2GQG_one_chain_docking.pdb,ligand_sdf_files/Lentinan.sdf,
Theophylline,2GQG_one_chain_docking.pdb,ligand_sdf_files/Theophylline.sdf,
Doxepin,2GQG_one_chain_docking.pdb,ligand_sdf_files/Doxepin.sdf,
Tolonium_chloride,2GQG_one_chain_docking.pdb,ligand_sdf_files/Tolonium_chloride.sdf,
Proparacaine,2GQG_one_chain_docking.pdb,ligand_sdf_files/Proparacaine.sdf,
Clopamide,2GQG_one_chain_docking.pdb,ligand_sdf_files/Clopamide.sdf,
Copper_dotatate_Cu_64,2GQG_one_chain_docking.pdb,ligand_sdf_files/Copper_dotatate_Cu_64.sdf,
Meticillin,2GQG_one_chain_docking.pdb,ligand_sdf_files/Meticillin.sdf,
Thallous_Chloride_Tl_201,2GQG_one_chain_docking.pdb,ligand_sdf_files/Thallous_Chloride_Tl_201.sdf,
TECFIDERA,2GQG_one_chain_docking.pdb,ligand_sdf_files/TECFIDERA.sdf,
Gentamicin,2GQG_one_chain_docking.pdb,ligand_sdf_files/Gentamicin.sdf,
Pemoline,2GQG_one_chain_docking.pdb,ligand_sdf_files/Pemoline.sdf,
BENZYL_BENZOATE,2GQG_one_chain_docking.pdb,ligand_sdf_files/BENZYL_BENZOATE.sdf,
Istradefylline,2GQG_one_chain_docking.pdb,ligand_sdf_files/Istradefylline.sdf,
Metaraminol,2GQG_one_chain_docking.pdb,ligand_sdf_files/Metaraminol.sdf,
Pilocarpine,2GQG_one_chain_docking.pdb,ligand_sdf_files/Pilocarpine.sdf,
Tipranavir,2GQG_one_chain_docking.pdb,ligand_sdf_files/Tipranavir.sdf,
Aldosterone,2GQG_one_chain_docking.pdb,ligand_sdf_files/Aldosterone.sdf,
Butylscopolamine,2GQG_one_chain_docking.pdb,ligand_sdf_files/Butylscopolamine.sdf,
Fluoxetine,2GQG_one_chain_docking.pdb,ligand_sdf_files/Fluoxetine.sdf,
Azathioprine,2GQG_one_chain_docking.pdb,ligand_sdf_files/Azathioprine.sdf,
Clomiphene_Citrate,2GQG_one_chain_docking.pdb,ligand_sdf_files/Clomiphene_Citrate.sdf,
Dabigatran,2GQG_one_chain_docking.pdb,ligand_sdf_files/Dabigatran.sdf,
Indocyanine_green,2GQG_one_chain_docking.pdb,ligand_sdf_files/Indocyanine_green.sdf,
Bictegravir__emtricitabine_and_tenofovir_alafenamide,2GQG_one_chain_docking.pdb,ligand_sdf_files/Bictegravir__emtricitabine_and_tenofovir_alafenamide.sdf,
Sodium_nitrite,2GQG_one_chain_docking.pdb,ligand_sdf_files/Sodium_nitrite.sdf,
Thiothixene,2GQG_one_chain_docking.pdb,ligand_sdf_files/Thiothixene.sdf,
Fleroxacin,2GQG_one_chain_docking.pdb,ligand_sdf_files/Fleroxacin.sdf,
Otilonium_bromide,2GQG_one_chain_docking.pdb,ligand_sdf_files/Otilonium_bromide.sdf,
Apraclonidine,2GQG_one_chain_docking.pdb,ligand_sdf_files/Apraclonidine.sdf,
Metronidazole,2GQG_one_chain_docking.pdb,ligand_sdf_files/Metronidazole.sdf,
Clotrimazole,2GQG_one_chain_docking.pdb,ligand_sdf_files/Clotrimazole.sdf,
Pyruvic_acid,2GQG_one_chain_docking.pdb,ligand_sdf_files/Pyruvic_acid.sdf,
Sulindac,2GQG_one_chain_docking.pdb,ligand_sdf_files/Sulindac.sdf,
Sertaconazole,2GQG_one_chain_docking.pdb,ligand_sdf_files/Sertaconazole.sdf,
Phendimetrazine,2GQG_one_chain_docking.pdb,ligand_sdf_files/Phendimetrazine.sdf,
Denopamine,2GQG_one_chain_docking.pdb,ligand_sdf_files/Denopamine.sdf,
Ademetionine,2GQG_one_chain_docking.pdb,ligand_sdf_files/Ademetionine.sdf,
Barbital,2GQG_one_chain_docking.pdb,ligand_sdf_files/Barbital.sdf,
Proquazone,2GQG_one_chain_docking.pdb,ligand_sdf_files/Proquazone.sdf,
Sitagliptin,2GQG_one_chain_docking.pdb,ligand_sdf_files/Sitagliptin.sdf,
Cefepime,2GQG_one_chain_docking.pdb,ligand_sdf_files/Cefepime.sdf,
Glucosamine,2GQG_one_chain_docking.pdb,ligand_sdf_files/Glucosamine.sdf,
Masoprocol,2GQG_one_chain_docking.pdb,ligand_sdf_files/Masoprocol.sdf,
Budesonide,2GQG_one_chain_docking.pdb,ligand_sdf_files/Budesonide.sdf,
Amikacin,2GQG_one_chain_docking.pdb,ligand_sdf_files/Amikacin.sdf,
Pirfenidone,2GQG_one_chain_docking.pdb,ligand_sdf_files/Pirfenidone.sdf,
Vinflunine,2GQG_one_chain_docking.pdb,ligand_sdf_files/Vinflunine.sdf,
L_Glutamic_Acid,2GQG_one_chain_docking.pdb,ligand_sdf_files/L_Glutamic_Acid.sdf,
Oxiconazole,2GQG_one_chain_docking.pdb,ligand_sdf_files/Oxiconazole.sdf,
Clarithromycin,2GQG_one_chain_docking.pdb,ligand_sdf_files/Clarithromycin.sdf,
Pyrithione_Zinc,2GQG_one_chain_docking.pdb,ligand_sdf_files/Pyrithione_Zinc.sdf,
PF_04971729,2GQG_one_chain_docking.pdb,ligand_sdf_files/PF_04971729.sdf,
Metipranolol,2GQG_one_chain_docking.pdb,ligand_sdf_files/Metipranolol.sdf,
Gallium_nitrate,2GQG_one_chain_docking.pdb,ligand_sdf_files/Gallium_nitrate.sdf,
Midazolam,2GQG_one_chain_docking.pdb,ligand_sdf_files/Midazolam.sdf,
Dermatan_sulfate,2GQG_one_chain_docking.pdb,ligand_sdf_files/Dermatan_sulfate.sdf,
Biolimus_a9,2GQG_one_chain_docking.pdb,ligand_sdf_files/Biolimus_a9.sdf,
Iopanoic_acid,2GQG_one_chain_docking.pdb,ligand_sdf_files/Iopanoic_acid.sdf,
Chlorpromazine,2GQG_one_chain_docking.pdb,ligand_sdf_files/Chlorpromazine.sdf,
Loperamide,2GQG_one_chain_docking.pdb,ligand_sdf_files/Loperamide.sdf,
Pretomanid,2GQG_one_chain_docking.pdb,ligand_sdf_files/Pretomanid.sdf,
Fondaparinux_sodium,2GQG_one_chain_docking.pdb,ligand_sdf_files/Fondaparinux_sodium.sdf,
Sevoflurane,2GQG_one_chain_docking.pdb,ligand_sdf_files/Sevoflurane.sdf,
Thiopental,2GQG_one_chain_docking.pdb,ligand_sdf_files/Thiopental.sdf,
Ketorolac,2GQG_one_chain_docking.pdb,ligand_sdf_files/Ketorolac.sdf,
Menthol,2GQG_one_chain_docking.pdb,ligand_sdf_files/Menthol.sdf,
Isosulfan_blue,2GQG_one_chain_docking.pdb,ligand_sdf_files/Isosulfan_blue.sdf,
Artesunate,2GQG_one_chain_docking.pdb,ligand_sdf_files/Artesunate.sdf,
Tioconazole,2GQG_one_chain_docking.pdb,ligand_sdf_files/Tioconazole.sdf,
ABT_335,2GQG_one_chain_docking.pdb,ligand_sdf_files/ABT_335.sdf,
Indacaterol,2GQG_one_chain_docking.pdb,ligand_sdf_files/Indacaterol.sdf,
Gadoxetate_disodium,2GQG_one_chain_docking.pdb,ligand_sdf_files/Gadoxetate_disodium.sdf,
Aminolevulinic_acid_hci,2GQG_one_chain_docking.pdb,ligand_sdf_files/Aminolevulinic_acid_hci.sdf,
Sodium_lactate,2GQG_one_chain_docking.pdb,ligand_sdf_files/Sodium_lactate.sdf,
Naloxone,2GQG_one_chain_docking.pdb,ligand_sdf_files/Naloxone.sdf,
Mesna,2GQG_one_chain_docking.pdb,ligand_sdf_files/Mesna.sdf,
Thalidomide,2GQG_one_chain_docking.pdb,ligand_sdf_files/Thalidomide.sdf,
Ethopropazine,2GQG_one_chain_docking.pdb,ligand_sdf_files/Ethopropazine.sdf,
Propentofylline_propionate,2GQG_one_chain_docking.pdb,ligand_sdf_files/Propentofylline_propionate.sdf,
Decamethonium,2GQG_one_chain_docking.pdb,ligand_sdf_files/Decamethonium.sdf,
Mebeverine,2GQG_one_chain_docking.pdb,ligand_sdf_files/Mebeverine.sdf,
GMDP,2GQG_one_chain_docking.pdb,ligand_sdf_files/GMDP.sdf,
Cladribine,2GQG_one_chain_docking.pdb,ligand_sdf_files/Cladribine.sdf,
Ethotoin,2GQG_one_chain_docking.pdb,ligand_sdf_files/Ethotoin.sdf,
Dimenhydrinate,2GQG_one_chain_docking.pdb,ligand_sdf_files/Dimenhydrinate.sdf,
Mestranol,2GQG_one_chain_docking.pdb,ligand_sdf_files/Mestranol.sdf,
Diphenylpyraline,2GQG_one_chain_docking.pdb,ligand_sdf_files/Diphenylpyraline.sdf,
Pirarubicin,2GQG_one_chain_docking.pdb,ligand_sdf_files/Pirarubicin.sdf,
Isoetharine,2GQG_one_chain_docking.pdb,ligand_sdf_files/Isoetharine.sdf,
Brimonidine,2GQG_one_chain_docking.pdb,ligand_sdf_files/Brimonidine.sdf,
Methylscopolamine,2GQG_one_chain_docking.pdb,ligand_sdf_files/Methylscopolamine.sdf,
Tiropramide,2GQG_one_chain_docking.pdb,ligand_sdf_files/Tiropramide.sdf,
Cephalosporin,2GQG_one_chain_docking.pdb,ligand_sdf_files/Cephalosporin.sdf,
Quinestrol,2GQG_one_chain_docking.pdb,ligand_sdf_files/Quinestrol.sdf,
Picrotoxin,2GQG_one_chain_docking.pdb,ligand_sdf_files/Picrotoxin.sdf,
Conivaptan,2GQG_one_chain_docking.pdb,ligand_sdf_files/Conivaptan.sdf,
Nedaplatin,2GQG_one_chain_docking.pdb,ligand_sdf_files/Nedaplatin.sdf,
Tedizolid,2GQG_one_chain_docking.pdb,ligand_sdf_files/Tedizolid.sdf,
Vericiguat,2GQG_one_chain_docking.pdb,ligand_sdf_files/Vericiguat.sdf,
Oxytetracycline,2GQG_one_chain_docking.pdb,ligand_sdf_files/Oxytetracycline.sdf,
Etoricoxib,2GQG_one_chain_docking.pdb,ligand_sdf_files/Etoricoxib.sdf,
Mianserin,2GQG_one_chain_docking.pdb,ligand_sdf_files/Mianserin.sdf,
Flurazepam,2GQG_one_chain_docking.pdb,ligand_sdf_files/Flurazepam.sdf,
Ritodrine,2GQG_one_chain_docking.pdb,ligand_sdf_files/Ritodrine.sdf,
Oxyphenbutazone,2GQG_one_chain_docking.pdb,ligand_sdf_files/Oxyphenbutazone.sdf,
Donepezil,2GQG_one_chain_docking.pdb,ligand_sdf_files/Donepezil.sdf,
Alpha_1_PI,2GQG_one_chain_docking.pdb,ligand_sdf_files/Alpha_1_PI.sdf,
Cetirizine,2GQG_one_chain_docking.pdb,ligand_sdf_files/Cetirizine.sdf,
Asciminib,2GQG_one_chain_docking.pdb,ligand_sdf_files/Asciminib.sdf,
Proflavine,2GQG_one_chain_docking.pdb,ligand_sdf_files/Proflavine.sdf,
Meperidine,2GQG_one_chain_docking.pdb,ligand_sdf_files/Meperidine.sdf,
Merimepodib,2GQG_one_chain_docking.pdb,ligand_sdf_files/Merimepodib.sdf,
Strontium_89,2GQG_one_chain_docking.pdb,ligand_sdf_files/Strontium_89.sdf,
Bromazepam,2GQG_one_chain_docking.pdb,ligand_sdf_files/Bromazepam.sdf,
Diethylstilbestrol,2GQG_one_chain_docking.pdb,ligand_sdf_files/Diethylstilbestrol.sdf,
Phensuximide,2GQG_one_chain_docking.pdb,ligand_sdf_files/Phensuximide.sdf,
Tobramycin,2GQG_one_chain_docking.pdb,ligand_sdf_files/Tobramycin.sdf,
Amiloride,2GQG_one_chain_docking.pdb,ligand_sdf_files/Amiloride.sdf,
Butethal,2GQG_one_chain_docking.pdb,ligand_sdf_files/Butethal.sdf,
Indigotindisulfonate,2GQG_one_chain_docking.pdb,ligand_sdf_files/Indigotindisulfonate.sdf,
Sodium_Fluoride_F_18,2GQG_one_chain_docking.pdb,ligand_sdf_files/Sodium_Fluoride_F_18.sdf,
Thiethylperazine,2GQG_one_chain_docking.pdb,ligand_sdf_files/Thiethylperazine.sdf,
Alpidem,2GQG_one_chain_docking.pdb,ligand_sdf_files/Alpidem.sdf,
Echothiophate_Iodide,2GQG_one_chain_docking.pdb,ligand_sdf_files/Echothiophate_Iodide.sdf,
Vamorolone,2GQG_one_chain_docking.pdb,ligand_sdf_files/Vamorolone.sdf,
Cerulenin,2GQG_one_chain_docking.pdb,ligand_sdf_files/Cerulenin.sdf,
Lanthanum_carbonate,2GQG_one_chain_docking.pdb,ligand_sdf_files/Lanthanum_carbonate.sdf,
Propericiazine,2GQG_one_chain_docking.pdb,ligand_sdf_files/Propericiazine.sdf,
Epirubicin,2GQG_one_chain_docking.pdb,ligand_sdf_files/Epirubicin.sdf,
Terazosin,2GQG_one_chain_docking.pdb,ligand_sdf_files/Terazosin.sdf,
Carbachol,2GQG_one_chain_docking.pdb,ligand_sdf_files/Carbachol.sdf,
Meloxicam,2GQG_one_chain_docking.pdb,ligand_sdf_files/Meloxicam.sdf,
Technetium__99m_Tc__bicisate,2GQG_one_chain_docking.pdb,ligand_sdf_files/Technetium__99m_Tc__bicisate.sdf,
Capmatinib,2GQG_one_chain_docking.pdb,ligand_sdf_files/Capmatinib.sdf,
Ciprofloxacin_dexamethasone,2GQG_one_chain_docking.pdb,ligand_sdf_files/Ciprofloxacin_dexamethasone.sdf,
Ioversol,2GQG_one_chain_docking.pdb,ligand_sdf_files/Ioversol.sdf,
Telaprevir,2GQG_one_chain_docking.pdb,ligand_sdf_files/Telaprevir.sdf,
Praziquantel,2GQG_one_chain_docking.pdb,ligand_sdf_files/Praziquantel.sdf,
Sodium_thiosalicylate,2GQG_one_chain_docking.pdb,ligand_sdf_files/Sodium_thiosalicylate.sdf,
Darunavir,2GQG_one_chain_docking.pdb,ligand_sdf_files/Darunavir.sdf,
Technetium_Tc_99m_Mebrofenin_Kit,2GQG_one_chain_docking.pdb,ligand_sdf_files/Technetium_Tc_99m_Mebrofenin_Kit.sdf,
Ziprasidone,2GQG_one_chain_docking.pdb,ligand_sdf_files/Ziprasidone.sdf,
Argatroban,2GQG_one_chain_docking.pdb,ligand_sdf_files/Argatroban.sdf,
Dabrafenib,2GQG_one_chain_docking.pdb,ligand_sdf_files/Dabrafenib.sdf,
Rolitetracycline,2GQG_one_chain_docking.pdb,ligand_sdf_files/Rolitetracycline.sdf,
Bicalutamide,2GQG_one_chain_docking.pdb,ligand_sdf_files/Bicalutamide.sdf,
Liothyronine,2GQG_one_chain_docking.pdb,ligand_sdf_files/Liothyronine.sdf,
Sunitinib,2GQG_one_chain_docking.pdb,ligand_sdf_files/Sunitinib.sdf,
Verapamil,2GQG_one_chain_docking.pdb,ligand_sdf_files/Verapamil.sdf,
Methoxsalen,2GQG_one_chain_docking.pdb,ligand_sdf_files/Methoxsalen.sdf,
Ethacrynate_Sodium,2GQG_one_chain_docking.pdb,ligand_sdf_files/Ethacrynate_Sodium.sdf,
Diphenoxylate,2GQG_one_chain_docking.pdb,ligand_sdf_files/Diphenoxylate.sdf,
Hydroxyprogesterone,2GQG_one_chain_docking.pdb,ligand_sdf_files/Hydroxyprogesterone.sdf,
Ceftazidime,2GQG_one_chain_docking.pdb,ligand_sdf_files/Ceftazidime.sdf,
Carboplatin,2GQG_one_chain_docking.pdb,ligand_sdf_files/Carboplatin.sdf,
Levocetirizine_dihydrochloride,2GQG_one_chain_docking.pdb,ligand_sdf_files/Levocetirizine_dihydrochloride.sdf,
Tetracycline,2GQG_one_chain_docking.pdb,ligand_sdf_files/Tetracycline.sdf,
Quinethazone,2GQG_one_chain_docking.pdb,ligand_sdf_files/Quinethazone.sdf,
Rescinnamine,2GQG_one_chain_docking.pdb,ligand_sdf_files/Rescinnamine.sdf,
Proguanil,2GQG_one_chain_docking.pdb,ligand_sdf_files/Proguanil.sdf,
Methylnaltrexone_bromide,2GQG_one_chain_docking.pdb,ligand_sdf_files/Methylnaltrexone_bromide.sdf,
Raloxifene,2GQG_one_chain_docking.pdb,ligand_sdf_files/Raloxifene.sdf,
Tasimelteon,2GQG_one_chain_docking.pdb,ligand_sdf_files/Tasimelteon.sdf,
Amoxapine,2GQG_one_chain_docking.pdb,ligand_sdf_files/Amoxapine.sdf,
Thiotepa,2GQG_one_chain_docking.pdb,ligand_sdf_files/Thiotepa.sdf,
Iron,2GQG_one_chain_docking.pdb,ligand_sdf_files/Iron.sdf,
Theobromine,2GQG_one_chain_docking.pdb,ligand_sdf_files/Theobromine.sdf,
Tianeptine,2GQG_one_chain_docking.pdb,ligand_sdf_files/Tianeptine.sdf,
Ribavirin,2GQG_one_chain_docking.pdb,ligand_sdf_files/Ribavirin.sdf,
Desogestrel,2GQG_one_chain_docking.pdb,ligand_sdf_files/Desogestrel.sdf,
Brompheniramine,2GQG_one_chain_docking.pdb,ligand_sdf_files/Brompheniramine.sdf,
Lamivudine,2GQG_one_chain_docking.pdb,ligand_sdf_files/Lamivudine.sdf,
Falecalcitrol,2GQG_one_chain_docking.pdb,ligand_sdf_files/Falecalcitrol.sdf,
Cyanocobalamin,2GQG_one_chain_docking.pdb,ligand_sdf_files/Cyanocobalamin.sdf,
Mirabegron,2GQG_one_chain_docking.pdb,ligand_sdf_files/Mirabegron.sdf,
Repotrectinib,2GQG_one_chain_docking.pdb,ligand_sdf_files/Repotrectinib.sdf,
Sucralfate,2GQG_one_chain_docking.pdb,ligand_sdf_files/Sucralfate.sdf,
Levorphanol,2GQG_one_chain_docking.pdb,ligand_sdf_files/Levorphanol.sdf,
Mepenzolate,2GQG_one_chain_docking.pdb,ligand_sdf_files/Mepenzolate.sdf,
153Sm_EDTMP,2GQG_one_chain_docking.pdb,ligand_sdf_files/153Sm_EDTMP.sdf,
Methadone,2GQG_one_chain_docking.pdb,ligand_sdf_files/Methadone.sdf,
Acamprosate,2GQG_one_chain_docking.pdb,ligand_sdf_files/Acamprosate.sdf,
Methadyl_Acetate,2GQG_one_chain_docking.pdb,ligand_sdf_files/Methadyl_Acetate.sdf,
Mobocertinib,2GQG_one_chain_docking.pdb,ligand_sdf_files/Mobocertinib.sdf,
Rifaximin,2GQG_one_chain_docking.pdb,ligand_sdf_files/Rifaximin.sdf,
Promethazine,2GQG_one_chain_docking.pdb,ligand_sdf_files/Promethazine.sdf,
Levetiracetam,2GQG_one_chain_docking.pdb,ligand_sdf_files/Levetiracetam.sdf,
Avapritinib,2GQG_one_chain_docking.pdb,ligand_sdf_files/Avapritinib.sdf,
Cynarin,2GQG_one_chain_docking.pdb,ligand_sdf_files/Cynarin.sdf,
Abrocitinib,2GQG_one_chain_docking.pdb,ligand_sdf_files/Abrocitinib.sdf,
Allopregnanolone,2GQG_one_chain_docking.pdb,ligand_sdf_files/Allopregnanolone.sdf,
L_Tyrosine,2GQG_one_chain_docking.pdb,ligand_sdf_files/L_Tyrosine.sdf,
Mitiglinide,2GQG_one_chain_docking.pdb,ligand_sdf_files/Mitiglinide.sdf,
Moxidectin,2GQG_one_chain_docking.pdb,ligand_sdf_files/Moxidectin.sdf,
Propofol,2GQG_one_chain_docking.pdb,ligand_sdf_files/Propofol.sdf,
Epalrestat,2GQG_one_chain_docking.pdb,ligand_sdf_files/Epalrestat.sdf,
Solifenacin,2GQG_one_chain_docking.pdb,ligand_sdf_files/Solifenacin.sdf,
2_deoxyglucose,2GQG_one_chain_docking.pdb,ligand_sdf_files/2_deoxyglucose.sdf,
Omidenepag_isopropyl,2GQG_one_chain_docking.pdb,ligand_sdf_files/Omidenepag_isopropyl.sdf,
Droperidol,2GQG_one_chain_docking.pdb,ligand_sdf_files/Droperidol.sdf,
Luliconazole,2GQG_one_chain_docking.pdb,ligand_sdf_files/Luliconazole.sdf,
Flurithromycin_ethylsuccinate,2GQG_one_chain_docking.pdb,ligand_sdf_files/Flurithromycin_ethylsuccinate.sdf,
Felbinac,2GQG_one_chain_docking.pdb,ligand_sdf_files/Felbinac.sdf,
Cariprazine,2GQG_one_chain_docking.pdb,ligand_sdf_files/Cariprazine.sdf,
Ranitidine,2GQG_one_chain_docking.pdb,ligand_sdf_files/Ranitidine.sdf,
B_Lactams,2GQG_one_chain_docking.pdb,ligand_sdf_files/B_Lactams.sdf,
Krypton__Kr_81m,2GQG_one_chain_docking.pdb,ligand_sdf_files/Krypton__Kr_81m.sdf,
Sodium_iodide_I_131,2GQG_one_chain_docking.pdb,ligand_sdf_files/Sodium_iodide_I_131.sdf,
OPC_34712,2GQG_one_chain_docking.pdb,ligand_sdf_files/OPC_34712.sdf,
Cinalukast,2GQG_one_chain_docking.pdb,ligand_sdf_files/Cinalukast.sdf,
Amiodarone,2GQG_one_chain_docking.pdb,ligand_sdf_files/Amiodarone.sdf,
Metadoxine,2GQG_one_chain_docking.pdb,ligand_sdf_files/Metadoxine.sdf,
TERTATOLOL,2GQG_one_chain_docking.pdb,ligand_sdf_files/TERTATOLOL.sdf,
Diphemanil_Methylsulfate,2GQG_one_chain_docking.pdb,ligand_sdf_files/Diphemanil_Methylsulfate.sdf,
Clobetasol,2GQG_one_chain_docking.pdb,ligand_sdf_files/Clobetasol.sdf,
Diazoxide,2GQG_one_chain_docking.pdb,ligand_sdf_files/Diazoxide.sdf,
Ponesimod,2GQG_one_chain_docking.pdb,ligand_sdf_files/Ponesimod.sdf,
Camphor,2GQG_one_chain_docking.pdb,ligand_sdf_files/Camphor.sdf,
Careram,2GQG_one_chain_docking.pdb,ligand_sdf_files/Careram.sdf,
Cefsoludin_sodium,2GQG_one_chain_docking.pdb,ligand_sdf_files/Cefsoludin_sodium.sdf,
Temocapril_hydrochloride,2GQG_one_chain_docking.pdb,ligand_sdf_files/Temocapril_hydrochloride.sdf,
Cyclopentolate,2GQG_one_chain_docking.pdb,ligand_sdf_files/Cyclopentolate.sdf,
Zithromax,2GQG_one_chain_docking.pdb,ligand_sdf_files/Zithromax.sdf,
Propiolactone,2GQG_one_chain_docking.pdb,ligand_sdf_files/Propiolactone.sdf,
Thiazolidinedione,2GQG_one_chain_docking.pdb,ligand_sdf_files/Thiazolidinedione.sdf,
Nomegestrol_acetate,2GQG_one_chain_docking.pdb,ligand_sdf_files/Nomegestrol_acetate.sdf,
Monobenzone,2GQG_one_chain_docking.pdb,ligand_sdf_files/Monobenzone.sdf,
Salsalate,2GQG_one_chain_docking.pdb,ligand_sdf_files/Salsalate.sdf,
Sulfisoxazole,2GQG_one_chain_docking.pdb,ligand_sdf_files/Sulfisoxazole.sdf,
Florbetapir_F_18,2GQG_one_chain_docking.pdb,ligand_sdf_files/Florbetapir_F_18.sdf,
Pranlukast,2GQG_one_chain_docking.pdb,ligand_sdf_files/Pranlukast.sdf,
Tropisetron,2GQG_one_chain_docking.pdb,ligand_sdf_files/Tropisetron.sdf,
Metaxalone,2GQG_one_chain_docking.pdb,ligand_sdf_files/Metaxalone.sdf,
Nystatin,2GQG_one_chain_docking.pdb,ligand_sdf_files/Nystatin.sdf,
Diloxanide,2GQG_one_chain_docking.pdb,ligand_sdf_files/Diloxanide.sdf,
Sorivudine,2GQG_one_chain_docking.pdb,ligand_sdf_files/Sorivudine.sdf,
Methenamine,2GQG_one_chain_docking.pdb,ligand_sdf_files/Methenamine.sdf,
Indomethacin,2GQG_one_chain_docking.pdb,ligand_sdf_files/Indomethacin.sdf,
Tranylcypromine,2GQG_one_chain_docking.pdb,ligand_sdf_files/Tranylcypromine.sdf,
Telmisartan,2GQG_one_chain_docking.pdb,ligand_sdf_files/Telmisartan.sdf,
Cefditoren,2GQG_one_chain_docking.pdb,ligand_sdf_files/Cefditoren.sdf,
Febuxostat,2GQG_one_chain_docking.pdb,ligand_sdf_files/Febuxostat.sdf,
Milnacipran,2GQG_one_chain_docking.pdb,ligand_sdf_files/Milnacipran.sdf,
Sulfaphenazole,2GQG_one_chain_docking.pdb,ligand_sdf_files/Sulfaphenazole.sdf,
Fluprednisolone,2GQG_one_chain_docking.pdb,ligand_sdf_files/Fluprednisolone.sdf,
Ferumoxides,2GQG_one_chain_docking.pdb,ligand_sdf_files/Ferumoxides.sdf,
Nicotine,2GQG_one_chain_docking.pdb,ligand_sdf_files/Nicotine.sdf,
Heparin_Sodium,2GQG_one_chain_docking.pdb,ligand_sdf_files/Heparin_Sodium.sdf,
Diphenhydramine,2GQG_one_chain_docking.pdb,ligand_sdf_files/Diphenhydramine.sdf,
Zucapsacin,2GQG_one_chain_docking.pdb,ligand_sdf_files/Zucapsacin.sdf,
Setmelanotide,2GQG_one_chain_docking.pdb,ligand_sdf_files/Setmelanotide.sdf,
Zafirlukast,2GQG_one_chain_docking.pdb,ligand_sdf_files/Zafirlukast.sdf,
Talbutal,2GQG_one_chain_docking.pdb,ligand_sdf_files/Talbutal.sdf,
Aspoxicillin,2GQG_one_chain_docking.pdb,ligand_sdf_files/Aspoxicillin.sdf,
NAFTOPIDIL,2GQG_one_chain_docking.pdb,ligand_sdf_files/NAFTOPIDIL.sdf,
Zotarolimus,2GQG_one_chain_docking.pdb,ligand_sdf_files/Zotarolimus.sdf,
Dihydroergotamine,2GQG_one_chain_docking.pdb,ligand_sdf_files/Dihydroergotamine.sdf,
Carbazochrome_salicylate,2GQG_one_chain_docking.pdb,ligand_sdf_files/Carbazochrome_salicylate.sdf,
Cefozopran,2GQG_one_chain_docking.pdb,ligand_sdf_files/Cefozopran.sdf,
Halazepam,2GQG_one_chain_docking.pdb,ligand_sdf_files/Halazepam.sdf,
Selpercatinib,2GQG_one_chain_docking.pdb,ligand_sdf_files/Selpercatinib.sdf,
Ivosidenib,2GQG_one_chain_docking.pdb,ligand_sdf_files/Ivosidenib.sdf,
Nadolol,2GQG_one_chain_docking.pdb,ligand_sdf_files/Nadolol.sdf,
Benzbromarone,2GQG_one_chain_docking.pdb,ligand_sdf_files/Benzbromarone.sdf,
Lacosamide,2GQG_one_chain_docking.pdb,ligand_sdf_files/Lacosamide.sdf,
Latamoxef,2GQG_one_chain_docking.pdb,ligand_sdf_files/Latamoxef.sdf,
Omadacycline,2GQG_one_chain_docking.pdb,ligand_sdf_files/Omadacycline.sdf,
Ibrutinib,2GQG_one_chain_docking.pdb,ligand_sdf_files/Ibrutinib.sdf,
Vilazodone,2GQG_one_chain_docking.pdb,ligand_sdf_files/Vilazodone.sdf,
Valproate,2GQG_one_chain_docking.pdb,ligand_sdf_files/Valproate.sdf,
Dihydroxyacetone,2GQG_one_chain_docking.pdb,ligand_sdf_files/Dihydroxyacetone.sdf,
Xylose,2GQG_one_chain_docking.pdb,ligand_sdf_files/Xylose.sdf,
Tenapanor,2GQG_one_chain_docking.pdb,ligand_sdf_files/Tenapanor.sdf,
Benzoic_Acid,2GQG_one_chain_docking.pdb,ligand_sdf_files/Benzoic_Acid.sdf,
Pemirolast,2GQG_one_chain_docking.pdb,ligand_sdf_files/Pemirolast.sdf,
Dothiepin,2GQG_one_chain_docking.pdb,ligand_sdf_files/Dothiepin.sdf,
Pindolol,2GQG_one_chain_docking.pdb,ligand_sdf_files/Pindolol.sdf,
TOCOTRIENOL,2GQG_one_chain_docking.pdb,ligand_sdf_files/TOCOTRIENOL.sdf,
Beta_carotene,2GQG_one_chain_docking.pdb,ligand_sdf_files/Beta_carotene.sdf,
Dantrolene,2GQG_one_chain_docking.pdb,ligand_sdf_files/Dantrolene.sdf,
Noscapine__narcotine_,2GQG_one_chain_docking.pdb,ligand_sdf_files/Noscapine__narcotine_.sdf,
Flucytosine,2GQG_one_chain_docking.pdb,ligand_sdf_files/Flucytosine.sdf,
Romiplostim,2GQG_one_chain_docking.pdb,ligand_sdf_files/Romiplostim.sdf,
Opipramol,2GQG_one_chain_docking.pdb,ligand_sdf_files/Opipramol.sdf,
Terbutaline,2GQG_one_chain_docking.pdb,ligand_sdf_files/Terbutaline.sdf,
Dutasteride,2GQG_one_chain_docking.pdb,ligand_sdf_files/Dutasteride.sdf,
Ethinyl_Estradiol,2GQG_one_chain_docking.pdb,ligand_sdf_files/Ethinyl_Estradiol.sdf,
Trimebutine,2GQG_one_chain_docking.pdb,ligand_sdf_files/Trimebutine.sdf,
Benzphetamine,2GQG_one_chain_docking.pdb,ligand_sdf_files/Benzphetamine.sdf,
Nitrofurazone,2GQG_one_chain_docking.pdb,ligand_sdf_files/Nitrofurazone.sdf,
Drospirenone,2GQG_one_chain_docking.pdb,ligand_sdf_files/Drospirenone.sdf,
Calcipotriol,2GQG_one_chain_docking.pdb,ligand_sdf_files/Calcipotriol.sdf,
Polyethylene_glycol,2GQG_one_chain_docking.pdb,ligand_sdf_files/Polyethylene_glycol.sdf,
Mephenytoin,2GQG_one_chain_docking.pdb,ligand_sdf_files/Mephenytoin.sdf,
Morrhuate_sodium,2GQG_one_chain_docking.pdb,ligand_sdf_files/Morrhuate_sodium.sdf,
Carbetapentane,2GQG_one_chain_docking.pdb,ligand_sdf_files/Carbetapentane.sdf,
Oxandrolone,2GQG_one_chain_docking.pdb,ligand_sdf_files/Oxandrolone.sdf,
Butalbital,2GQG_one_chain_docking.pdb,ligand_sdf_files/Butalbital.sdf,
Sibutramine,2GQG_one_chain_docking.pdb,ligand_sdf_files/Sibutramine.sdf,
Oritavancin,2GQG_one_chain_docking.pdb,ligand_sdf_files/Oritavancin.sdf,
Dalfampridine,2GQG_one_chain_docking.pdb,ligand_sdf_files/Dalfampridine.sdf,
Palonosetron,2GQG_one_chain_docking.pdb,ligand_sdf_files/Palonosetron.sdf,
Amtolmetin_guacil,2GQG_one_chain_docking.pdb,ligand_sdf_files/Amtolmetin_guacil.sdf,
DEXMETHYLPHENIDATE_HYDROCHLORIDE,2GQG_one_chain_docking.pdb,ligand_sdf_files/DEXMETHYLPHENIDATE_HYDROCHLORIDE.sdf,
Citalopram,2GQG_one_chain_docking.pdb,ligand_sdf_files/Citalopram.sdf,
Phloroglucinol,2GQG_one_chain_docking.pdb,ligand_sdf_files/Phloroglucinol.sdf,
Palbociclib,2GQG_one_chain_docking.pdb,ligand_sdf_files/Palbociclib.sdf,
Regadenoson,2GQG_one_chain_docking.pdb,ligand_sdf_files/Regadenoson.sdf,
Miglustat,2GQG_one_chain_docking.pdb,ligand_sdf_files/Miglustat.sdf,
Formoterol_budesonide,2GQG_one_chain_docking.pdb,ligand_sdf_files/Formoterol_budesonide.sdf,
Deferoxamine_Mesylate,2GQG_one_chain_docking.pdb,ligand_sdf_files/Deferoxamine_Mesylate.sdf,
Icodextrin,2GQG_one_chain_docking.pdb,ligand_sdf_files/Icodextrin.sdf,
SR141716A,2GQG_one_chain_docking.pdb,ligand_sdf_files/SR141716A.sdf,
Perazine,2GQG_one_chain_docking.pdb,ligand_sdf_files/Perazine.sdf,
Carboprost_Tromethamine,2GQG_one_chain_docking.pdb,ligand_sdf_files/Carboprost_Tromethamine.sdf,
Ibutamoren,2GQG_one_chain_docking.pdb,ligand_sdf_files/Ibutamoren.sdf,
Acemannan,2GQG_one_chain_docking.pdb,ligand_sdf_files/Acemannan.sdf,
Ergotamine,2GQG_one_chain_docking.pdb,ligand_sdf_files/Ergotamine.sdf,
Technetium_Tc_99m_Pentetate_Kit,2GQG_one_chain_docking.pdb,ligand_sdf_files/Technetium_Tc_99m_Pentetate_Kit.sdf,
Flurandrenolide,2GQG_one_chain_docking.pdb,ligand_sdf_files/Flurandrenolide.sdf,
Dopamine,2GQG_one_chain_docking.pdb,ligand_sdf_files/Dopamine.sdf,
Pegvaliase,2GQG_one_chain_docking.pdb,ligand_sdf_files/Pegvaliase.sdf,
Sarpogrelate,2GQG_one_chain_docking.pdb,ligand_sdf_files/Sarpogrelate.sdf,
Bupivacaine,2GQG_one_chain_docking.pdb,ligand_sdf_files/Bupivacaine.sdf,
Imidazole_salicylate,2GQG_one_chain_docking.pdb,ligand_sdf_files/Imidazole_salicylate.sdf,
BOCEPREVIR,2GQG_one_chain_docking.pdb,ligand_sdf_files/BOCEPREVIR.sdf,
Ivermectin,2GQG_one_chain_docking.pdb,ligand_sdf_files/Ivermectin.sdf,
Lisdexamfetamine,2GQG_one_chain_docking.pdb,ligand_sdf_files/Lisdexamfetamine.sdf,
Maraviroc,2GQG_one_chain_docking.pdb,ligand_sdf_files/Maraviroc.sdf,
Armodafinil,2GQG_one_chain_docking.pdb,ligand_sdf_files/Armodafinil.sdf,
Azaribine,2GQG_one_chain_docking.pdb,ligand_sdf_files/Azaribine.sdf,
Chromomycin_a3,2GQG_one_chain_docking.pdb,ligand_sdf_files/Chromomycin_a3.sdf,
Eptazocine_hbr,2GQG_one_chain_docking.pdb,ligand_sdf_files/Eptazocine_hbr.sdf,
Bexagliflozin,2GQG_one_chain_docking.pdb,ligand_sdf_files/Bexagliflozin.sdf,
Dexmedetomidine,2GQG_one_chain_docking.pdb,ligand_sdf_files/Dexmedetomidine.sdf,
Venlafaxine,2GQG_one_chain_docking.pdb,ligand_sdf_files/Venlafaxine.sdf,
cortisone,2GQG_one_chain_docking.pdb,ligand_sdf_files/cortisone.sdf,
Tramadol,2GQG_one_chain_docking.pdb,ligand_sdf_files/Tramadol.sdf,
Huperzine_A,2GQG_one_chain_docking.pdb,ligand_sdf_files/Huperzine_A.sdf,
Primidone,2GQG_one_chain_docking.pdb,ligand_sdf_files/Primidone.sdf,
Hydralazine,2GQG_one_chain_docking.pdb,ligand_sdf_files/Hydralazine.sdf,
ABIRATERONE,2GQG_one_chain_docking.pdb,ligand_sdf_files/ABIRATERONE.sdf,
Furazolidone,2GQG_one_chain_docking.pdb,ligand_sdf_files/Furazolidone.sdf,
Misoprostol,2GQG_one_chain_docking.pdb,ligand_sdf_files/Misoprostol.sdf,
Cromolyn_sodium,2GQG_one_chain_docking.pdb,ligand_sdf_files/Cromolyn_sodium.sdf,
Bamifylline,2GQG_one_chain_docking.pdb,ligand_sdf_files/Bamifylline.sdf,
Levobupivacaine,2GQG_one_chain_docking.pdb,ligand_sdf_files/Levobupivacaine.sdf,
Meclizine,2GQG_one_chain_docking.pdb,ligand_sdf_files/Meclizine.sdf,
Fidaxomicin,2GQG_one_chain_docking.pdb,ligand_sdf_files/Fidaxomicin.sdf,
Olanzapine_fluoxetine_combination,2GQG_one_chain_docking.pdb,ligand_sdf_files/Olanzapine_fluoxetine_combination.sdf,
NABILONE,2GQG_one_chain_docking.pdb,ligand_sdf_files/NABILONE.sdf,
ARZOXIFENE,2GQG_one_chain_docking.pdb,ligand_sdf_files/ARZOXIFENE.sdf,
Foscavir,2GQG_one_chain_docking.pdb,ligand_sdf_files/Foscavir.sdf,
Fosdenopterin,2GQG_one_chain_docking.pdb,ligand_sdf_files/Fosdenopterin.sdf,
Mequitazine,2GQG_one_chain_docking.pdb,ligand_sdf_files/Mequitazine.sdf,
Ajmalicine,2GQG_one_chain_docking.pdb,ligand_sdf_files/Ajmalicine.sdf,
Acitazanolast,2GQG_one_chain_docking.pdb,ligand_sdf_files/Acitazanolast.sdf,
Calcium_Gluceptate,2GQG_one_chain_docking.pdb,ligand_sdf_files/Calcium_Gluceptate.sdf,
Naproxen,2GQG_one_chain_docking.pdb,ligand_sdf_files/Naproxen.sdf,
Amlexanox,2GQG_one_chain_docking.pdb,ligand_sdf_files/Amlexanox.sdf,
Verteporfin,2GQG_one_chain_docking.pdb,ligand_sdf_files/Verteporfin.sdf,
Floxuridine,2GQG_one_chain_docking.pdb,ligand_sdf_files/Floxuridine.sdf,
Bemetizide,2GQG_one_chain_docking.pdb,ligand_sdf_files/Bemetizide.sdf,
Clovoxamine,2GQG_one_chain_docking.pdb,ligand_sdf_files/Clovoxamine.sdf,
Metformin,2GQG_one_chain_docking.pdb,ligand_sdf_files/Metformin.sdf,
Technetium_Tc_99m_Apcitide,2GQG_one_chain_docking.pdb,ligand_sdf_files/Technetium_Tc_99m_Apcitide.sdf,
E_2007,2GQG_one_chain_docking.pdb,ligand_sdf_files/E_2007.sdf,
Delamanid,2GQG_one_chain_docking.pdb,ligand_sdf_files/Delamanid.sdf,
Naldemedine_Tosylate,2GQG_one_chain_docking.pdb,ligand_sdf_files/Naldemedine_Tosylate.sdf,
Leucovorin_5_fluorouracil,2GQG_one_chain_docking.pdb,ligand_sdf_files/Leucovorin_5_fluorouracil.sdf,
Talazoparib,2GQG_one_chain_docking.pdb,ligand_sdf_files/Talazoparib.sdf,
Arteether,2GQG_one_chain_docking.pdb,ligand_sdf_files/Arteether.sdf,
Azlocillin,2GQG_one_chain_docking.pdb,ligand_sdf_files/Azlocillin.sdf,
Asiaticoside,2GQG_one_chain_docking.pdb,ligand_sdf_files/Asiaticoside.sdf,
Ibopamine_hci,2GQG_one_chain_docking.pdb,ligand_sdf_files/Ibopamine_hci.sdf,
Pimavanserin,2GQG_one_chain_docking.pdb,ligand_sdf_files/Pimavanserin.sdf,
Bacampicillin,2GQG_one_chain_docking.pdb,ligand_sdf_files/Bacampicillin.sdf,
Zopiclone,2GQG_one_chain_docking.pdb,ligand_sdf_files/Zopiclone.sdf,
Tromethamine,2GQG_one_chain_docking.pdb,ligand_sdf_files/Tromethamine.sdf,
Levosimendan,2GQG_one_chain_docking.pdb,ligand_sdf_files/Levosimendan.sdf,
Chlormezanone,2GQG_one_chain_docking.pdb,ligand_sdf_files/Chlormezanone.sdf,
Tamoxifen,2GQG_one_chain_docking.pdb,ligand_sdf_files/Tamoxifen.sdf,
Clozapine,2GQG_one_chain_docking.pdb,ligand_sdf_files/Clozapine.sdf,
SM_101,2GQG_one_chain_docking.pdb,ligand_sdf_files/SM_101.sdf,
BAY_80_6946,2GQG_one_chain_docking.pdb,ligand_sdf_files/BAY_80_6946.sdf,
Alogliptin,2GQG_one_chain_docking.pdb,ligand_sdf_files/Alogliptin.sdf,
Povidone_iodine,2GQG_one_chain_docking.pdb,ligand_sdf_files/Povidone_iodine.sdf,
Pipecuronium,2GQG_one_chain_docking.pdb,ligand_sdf_files/Pipecuronium.sdf,
Vinblastine,2GQG_one_chain_docking.pdb,ligand_sdf_files/Vinblastine.sdf,
Butoconazole,2GQG_one_chain_docking.pdb,ligand_sdf_files/Butoconazole.sdf,
Riboflavin,2GQG_one_chain_docking.pdb,ligand_sdf_files/Riboflavin.sdf,
Nandrolone,2GQG_one_chain_docking.pdb,ligand_sdf_files/Nandrolone.sdf,
Vitamin_B6,2GQG_one_chain_docking.pdb,ligand_sdf_files/Vitamin_B6.sdf,
Glutathione,2GQG_one_chain_docking.pdb,ligand_sdf_files/Glutathione.sdf,
Pinazepam,2GQG_one_chain_docking.pdb,ligand_sdf_files/Pinazepam.sdf,
Topetecan,2GQG_one_chain_docking.pdb,ligand_sdf_files/Topetecan.sdf,
Enoximone,2GQG_one_chain_docking.pdb,ligand_sdf_files/Enoximone.sdf,
99mTc_sestamibi,2GQG_one_chain_docking.pdb,ligand_sdf_files/99mTc_sestamibi.sdf,
Amprenavir,2GQG_one_chain_docking.pdb,ligand_sdf_files/Amprenavir.sdf,
MEPTAZINOL,2GQG_one_chain_docking.pdb,ligand_sdf_files/MEPTAZINOL.sdf,
Prolixin_decanoate,2GQG_one_chain_docking.pdb,ligand_sdf_files/Prolixin_decanoate.sdf,
Racecadotril,2GQG_one_chain_docking.pdb,ligand_sdf_files/Racecadotril.sdf,
Iothalamate,2GQG_one_chain_docking.pdb,ligand_sdf_files/Iothalamate.sdf,
Chlorthalidone,2GQG_one_chain_docking.pdb,ligand_sdf_files/Chlorthalidone.sdf,
Tiludronic_acid,2GQG_one_chain_docking.pdb,ligand_sdf_files/Tiludronic_acid.sdf,
Vinorelbine,2GQG_one_chain_docking.pdb,ligand_sdf_files/Vinorelbine.sdf,
N_0923,2GQG_one_chain_docking.pdb,ligand_sdf_files/N_0923.sdf,
Axitinib,2GQG_one_chain_docking.pdb,ligand_sdf_files/Axitinib.sdf,
Etozolin,2GQG_one_chain_docking.pdb,ligand_sdf_files/Etozolin.sdf,
Minodronate,2GQG_one_chain_docking.pdb,ligand_sdf_files/Minodronate.sdf,
Fenofibrate,2GQG_one_chain_docking.pdb,ligand_sdf_files/Fenofibrate.sdf,
Ethanol,2GQG_one_chain_docking.pdb,ligand_sdf_files/Ethanol.sdf,
Adagrasib,2GQG_one_chain_docking.pdb,ligand_sdf_files/Adagrasib.sdf,
Oxitropium_bromide,2GQG_one_chain_docking.pdb,ligand_sdf_files/Oxitropium_bromide.sdf,
Nicotinamide,2GQG_one_chain_docking.pdb,ligand_sdf_files/Nicotinamide.sdf,
Levallorphan,2GQG_one_chain_docking.pdb,ligand_sdf_files/Levallorphan.sdf,
Zanamivir,2GQG_one_chain_docking.pdb,ligand_sdf_files/Zanamivir.sdf,
Aprindine,2GQG_one_chain_docking.pdb,ligand_sdf_files/Aprindine.sdf,
L_Phenylalanine,2GQG_one_chain_docking.pdb,ligand_sdf_files/L_Phenylalanine.sdf,
Bitolterol,2GQG_one_chain_docking.pdb,ligand_sdf_files/Bitolterol.sdf,
TRIENTINE,2GQG_one_chain_docking.pdb,ligand_sdf_files/TRIENTINE.sdf,
Ioflupane_i_123,2GQG_one_chain_docking.pdb,ligand_sdf_files/Ioflupane_i_123.sdf,
Bucillamine,2GQG_one_chain_docking.pdb,ligand_sdf_files/Bucillamine.sdf,
Troleandomycin,2GQG_one_chain_docking.pdb,ligand_sdf_files/Troleandomycin.sdf,
Hydroflumethiazide,2GQG_one_chain_docking.pdb,ligand_sdf_files/Hydroflumethiazide.sdf,
Dipivefrin,2GQG_one_chain_docking.pdb,ligand_sdf_files/Dipivefrin.sdf,
Conjugated_Estrogens,2GQG_one_chain_docking.pdb,ligand_sdf_files/Conjugated_Estrogens.sdf,
Anastrozole,2GQG_one_chain_docking.pdb,ligand_sdf_files/Anastrozole.sdf,
Rimantadine,2GQG_one_chain_docking.pdb,ligand_sdf_files/Rimantadine.sdf,
Pivmecillinam,2GQG_one_chain_docking.pdb,ligand_sdf_files/Pivmecillinam.sdf,
Zuclopenthixol,2GQG_one_chain_docking.pdb,ligand_sdf_files/Zuclopenthixol.sdf,
Levodropropizine,2GQG_one_chain_docking.pdb,ligand_sdf_files/Levodropropizine.sdf,
Pivampicillin,2GQG_one_chain_docking.pdb,ligand_sdf_files/Pivampicillin.sdf,
Clavulanate,2GQG_one_chain_docking.pdb,ligand_sdf_files/Clavulanate.sdf,
Plazomicin,2GQG_one_chain_docking.pdb,ligand_sdf_files/Plazomicin.sdf,
Thioguanine,2GQG_one_chain_docking.pdb,ligand_sdf_files/Thioguanine.sdf,
Memantine,2GQG_one_chain_docking.pdb,ligand_sdf_files/Memantine.sdf,
Sodium_Succinate,2GQG_one_chain_docking.pdb,ligand_sdf_files/Sodium_Succinate.sdf,
Ethynodiol_Diacetate,2GQG_one_chain_docking.pdb,ligand_sdf_files/Ethynodiol_Diacetate.sdf,
Tazarotene,2GQG_one_chain_docking.pdb,ligand_sdf_files/Tazarotene.sdf,
Technetium_Tc_99m_Depreotide,2GQG_one_chain_docking.pdb,ligand_sdf_files/Technetium_Tc_99m_Depreotide.sdf,
Loteprednol_Etabonate,2GQG_one_chain_docking.pdb,ligand_sdf_files/Loteprednol_Etabonate.sdf,
Flutrimazole,2GQG_one_chain_docking.pdb,ligand_sdf_files/Flutrimazole.sdf,
Ipodate,2GQG_one_chain_docking.pdb,ligand_sdf_files/Ipodate.sdf,
GW642444,2GQG_one_chain_docking.pdb,ligand_sdf_files/GW642444.sdf,
Phenoxybenzamine,2GQG_one_chain_docking.pdb,ligand_sdf_files/Phenoxybenzamine.sdf,
Ibuprofen,2GQG_one_chain_docking.pdb,ligand_sdf_files/Ibuprofen.sdf,
Acetic_Acid__Glacial,2GQG_one_chain_docking.pdb,ligand_sdf_files/Acetic_Acid__Glacial.sdf,
Unithiol,2GQG_one_chain_docking.pdb,ligand_sdf_files/Unithiol.sdf,
Flutamide,2GQG_one_chain_docking.pdb,ligand_sdf_files/Flutamide.sdf,
Sodium_zirconium_cyclosilicate,2GQG_one_chain_docking.pdb,ligand_sdf_files/Sodium_zirconium_cyclosilicate.sdf,
Anisodamine,2GQG_one_chain_docking.pdb,ligand_sdf_files/Anisodamine.sdf,
Trifluridine,2GQG_one_chain_docking.pdb,ligand_sdf_files/Trifluridine.sdf,
Desvenalfaxine_succinate,2GQG_one_chain_docking.pdb,ligand_sdf_files/Desvenalfaxine_succinate.sdf,
Faropenem,2GQG_one_chain_docking.pdb,ligand_sdf_files/Faropenem.sdf,
Unoprostone,2GQG_one_chain_docking.pdb,ligand_sdf_files/Unoprostone.sdf,
Omaveloxolone,2GQG_one_chain_docking.pdb,ligand_sdf_files/Omaveloxolone.sdf,
Lenvatinib,2GQG_one_chain_docking.pdb,ligand_sdf_files/Lenvatinib.sdf,
Procarbazine,2GQG_one_chain_docking.pdb,ligand_sdf_files/Procarbazine.sdf,
MLN9708,2GQG_one_chain_docking.pdb,ligand_sdf_files/MLN9708.sdf,
Isotretinoin,2GQG_one_chain_docking.pdb,ligand_sdf_files/Isotretinoin.sdf,
Ecallantide,2GQG_one_chain_docking.pdb,ligand_sdf_files/Ecallantide.sdf,
Temazepam,2GQG_one_chain_docking.pdb,ligand_sdf_files/Temazepam.sdf,
Udenafil,2GQG_one_chain_docking.pdb,ligand_sdf_files/Udenafil.sdf,
Mecamylamine,2GQG_one_chain_docking.pdb,ligand_sdf_files/Mecamylamine.sdf,
Rizatriptan,2GQG_one_chain_docking.pdb,ligand_sdf_files/Rizatriptan.sdf,
Bempedoic_acid,2GQG_one_chain_docking.pdb,ligand_sdf_files/Bempedoic_acid.sdf,
Crofelemer,2GQG_one_chain_docking.pdb,ligand_sdf_files/Crofelemer.sdf,
Tolcapone,2GQG_one_chain_docking.pdb,ligand_sdf_files/Tolcapone.sdf,
Methylprednisolone,2GQG_one_chain_docking.pdb,ligand_sdf_files/Methylprednisolone.sdf,
Clidinium,2GQG_one_chain_docking.pdb,ligand_sdf_files/Clidinium.sdf,
Vitamin_B3,2GQG_one_chain_docking.pdb,ligand_sdf_files/Vitamin_B3.sdf,
Romurtide,2GQG_one_chain_docking.pdb,ligand_sdf_files/Romurtide.sdf,
Dixyrazine,2GQG_one_chain_docking.pdb,ligand_sdf_files/Dixyrazine.sdf,
MK_08887A,2GQG_one_chain_docking.pdb,ligand_sdf_files/MK_08887A.sdf,
Guanethidine,2GQG_one_chain_docking.pdb,ligand_sdf_files/Guanethidine.sdf,
Salmeterol,2GQG_one_chain_docking.pdb,ligand_sdf_files/Salmeterol.sdf,
Sultamicillin_tosilate,2GQG_one_chain_docking.pdb,ligand_sdf_files/Sultamicillin_tosilate.sdf,
Thiacetazone,2GQG_one_chain_docking.pdb,ligand_sdf_files/Thiacetazone.sdf,
Bucladesine_sodium,2GQG_one_chain_docking.pdb,ligand_sdf_files/Bucladesine_sodium.sdf,
MCI_186,2GQG_one_chain_docking.pdb,ligand_sdf_files/MCI_186.sdf,
Sufentanil,2GQG_one_chain_docking.pdb,ligand_sdf_files/Sufentanil.sdf,
SKI_758,2GQG_one_chain_docking.pdb,ligand_sdf_files/SKI_758.sdf,
Iobitridol,2GQG_one_chain_docking.pdb,ligand_sdf_files/Iobitridol.sdf,
Rorifone,2GQG_one_chain_docking.pdb,ligand_sdf_files/Rorifone.sdf,
Bromocriptine,2GQG_one_chain_docking.pdb,ligand_sdf_files/Bromocriptine.sdf,
Moxifloxacin,2GQG_one_chain_docking.pdb,ligand_sdf_files/Moxifloxacin.sdf,
Saralasin_Acetate,2GQG_one_chain_docking.pdb,ligand_sdf_files/Saralasin_Acetate.sdf,
Troglitazone,2GQG_one_chain_docking.pdb,ligand_sdf_files/Troglitazone.sdf,
Simethicone,2GQG_one_chain_docking.pdb,ligand_sdf_files/Simethicone.sdf,
Anagrelide,2GQG_one_chain_docking.pdb,ligand_sdf_files/Anagrelide.sdf,
Indapamide,2GQG_one_chain_docking.pdb,ligand_sdf_files/Indapamide.sdf,
Benzquinamide,2GQG_one_chain_docking.pdb,ligand_sdf_files/Benzquinamide.sdf,
Repirinast,2GQG_one_chain_docking.pdb,ligand_sdf_files/Repirinast.sdf,
Metoclopramide,2GQG_one_chain_docking.pdb,ligand_sdf_files/Metoclopramide.sdf,
Ferumoxytol,2GQG_one_chain_docking.pdb,ligand_sdf_files/Ferumoxytol.sdf,
LGX818,2GQG_one_chain_docking.pdb,ligand_sdf_files/LGX818.sdf,
Iloprost,2GQG_one_chain_docking.pdb,ligand_sdf_files/Iloprost.sdf,
Methotrexate_Sodium,2GQG_one_chain_docking.pdb,ligand_sdf_files/Methotrexate_Sodium.sdf,
Bretylium,2GQG_one_chain_docking.pdb,ligand_sdf_files/Bretylium.sdf,
Brodimoprim,2GQG_one_chain_docking.pdb,ligand_sdf_files/Brodimoprim.sdf,
Trazodone,2GQG_one_chain_docking.pdb,ligand_sdf_files/Trazodone.sdf,
Ethinamate,2GQG_one_chain_docking.pdb,ligand_sdf_files/Ethinamate.sdf,
Halaven,2GQG_one_chain_docking.pdb,ligand_sdf_files/Halaven.sdf,
Leuprorelin_acetate,2GQG_one_chain_docking.pdb,ligand_sdf_files/Leuprorelin_acetate.sdf,
Paraldehyde,2GQG_one_chain_docking.pdb,ligand_sdf_files/Paraldehyde.sdf,
Nilutamide,2GQG_one_chain_docking.pdb,ligand_sdf_files/Nilutamide.sdf,
Pegaptanib,2GQG_one_chain_docking.pdb,ligand_sdf_files/Pegaptanib.sdf,
Loratadine,2GQG_one_chain_docking.pdb,ligand_sdf_files/Loratadine.sdf,
Megestrol,2GQG_one_chain_docking.pdb,ligand_sdf_files/Megestrol.sdf,
Odevixibat,2GQG_one_chain_docking.pdb,ligand_sdf_files/Odevixibat.sdf,
Promegestone,2GQG_one_chain_docking.pdb,ligand_sdf_files/Promegestone.sdf,
Azelastine,2GQG_one_chain_docking.pdb,ligand_sdf_files/Azelastine.sdf,
Temsirolimus,2GQG_one_chain_docking.pdb,ligand_sdf_files/Temsirolimus.sdf,
Levamisole,2GQG_one_chain_docking.pdb,ligand_sdf_files/Levamisole.sdf,
Vitamin_E,2GQG_one_chain_docking.pdb,ligand_sdf_files/Vitamin_E.sdf,
Mefenamic_acid,2GQG_one_chain_docking.pdb,ligand_sdf_files/Mefenamic_acid.sdf,
Methoxyflurane,2GQG_one_chain_docking.pdb,ligand_sdf_files/Methoxyflurane.sdf,
Trovafloxacin,2GQG_one_chain_docking.pdb,ligand_sdf_files/Trovafloxacin.sdf,
FLUORESCEIN,2GQG_one_chain_docking.pdb,ligand_sdf_files/FLUORESCEIN.sdf,
Limaprost,2GQG_one_chain_docking.pdb,ligand_sdf_files/Limaprost.sdf,
Fotemustine,2GQG_one_chain_docking.pdb,ligand_sdf_files/Fotemustine.sdf,
Chlortetracycline,2GQG_one_chain_docking.pdb,ligand_sdf_files/Chlortetracycline.sdf,
Carteolol,2GQG_one_chain_docking.pdb,ligand_sdf_files/Carteolol.sdf,
Pentagastrin,2GQG_one_chain_docking.pdb,ligand_sdf_files/Pentagastrin.sdf,
Tamsulosin,2GQG_one_chain_docking.pdb,ligand_sdf_files/Tamsulosin.sdf,
Bethanechol,2GQG_one_chain_docking.pdb,ligand_sdf_files/Bethanechol.sdf,
Fesoterodine_fumarate,2GQG_one_chain_docking.pdb,ligand_sdf_files/Fesoterodine_fumarate.sdf,
Pancuronium,2GQG_one_chain_docking.pdb,ligand_sdf_files/Pancuronium.sdf,
Neostigmine,2GQG_one_chain_docking.pdb,ligand_sdf_files/Neostigmine.sdf,
Disulfiram,2GQG_one_chain_docking.pdb,ligand_sdf_files/Disulfiram.sdf,
Haloprogin,2GQG_one_chain_docking.pdb,ligand_sdf_files/Haloprogin.sdf,
Regorafenib,2GQG_one_chain_docking.pdb,ligand_sdf_files/Regorafenib.sdf,
Ampicillin,2GQG_one_chain_docking.pdb,ligand_sdf_files/Ampicillin.sdf,
Sulconazole,2GQG_one_chain_docking.pdb,ligand_sdf_files/Sulconazole.sdf,
Prednisolone,2GQG_one_chain_docking.pdb,ligand_sdf_files/Prednisolone.sdf,
Novolimus,2GQG_one_chain_docking.pdb,ligand_sdf_files/Novolimus.sdf,
Linezolid,2GQG_one_chain_docking.pdb,ligand_sdf_files/Linezolid.sdf,
Levobetaxolol,2GQG_one_chain_docking.pdb,ligand_sdf_files/Levobetaxolol.sdf,
Lesinurad,2GQG_one_chain_docking.pdb,ligand_sdf_files/Lesinurad.sdf,
Chlorhexidine,2GQG_one_chain_docking.pdb,ligand_sdf_files/Chlorhexidine.sdf,
Interferon_Alfa_2b,2GQG_one_chain_docking.pdb,ligand_sdf_files/Interferon_Alfa_2b.sdf,
MELARSOPROL,2GQG_one_chain_docking.pdb,ligand_sdf_files/MELARSOPROL.sdf,
Pentostatin,2GQG_one_chain_docking.pdb,ligand_sdf_files/Pentostatin.sdf,
Hydromorphone,2GQG_one_chain_docking.pdb,ligand_sdf_files/Hydromorphone.sdf,
Tibolone,2GQG_one_chain_docking.pdb,ligand_sdf_files/Tibolone.sdf,
Buspirone,2GQG_one_chain_docking.pdb,ligand_sdf_files/Buspirone.sdf,
Bentiromide,2GQG_one_chain_docking.pdb,ligand_sdf_files/Bentiromide.sdf,
Ecabet_sodium,2GQG_one_chain_docking.pdb,ligand_sdf_files/Ecabet_sodium.sdf,
Choline_alfoscerate,2GQG_one_chain_docking.pdb,ligand_sdf_files/Choline_alfoscerate.sdf,
Triazolam,2GQG_one_chain_docking.pdb,ligand_sdf_files/Triazolam.sdf,
Etravirine,2GQG_one_chain_docking.pdb,ligand_sdf_files/Etravirine.sdf,
Nitroglycerin,2GQG_one_chain_docking.pdb,ligand_sdf_files/Nitroglycerin.sdf,
Pomalidomide,2GQG_one_chain_docking.pdb,ligand_sdf_files/Pomalidomide.sdf,
Levobunolol,2GQG_one_chain_docking.pdb,ligand_sdf_files/Levobunolol.sdf,
Rifabutin,2GQG_one_chain_docking.pdb,ligand_sdf_files/Rifabutin.sdf,
Fexinidazole,2GQG_one_chain_docking.pdb,ligand_sdf_files/Fexinidazole.sdf,
Dichlorphenamide,2GQG_one_chain_docking.pdb,ligand_sdf_files/Dichlorphenamide.sdf,
Levovist,2GQG_one_chain_docking.pdb,ligand_sdf_files/Levovist.sdf,
